2026-05-21 11:42:47.045 [INFO] [App] ==== Proximity Lock starting (root=D:\Program Files\blue, config=D:\Program Files\blue\config.json) ====
2026-05-21 11:42:47.063 [INFO] [App] Target device: iPhone (classic)
2026-05-21 11:42:47.518 [INFO] [Session] Session lock/unlock listener registered
2026-05-21 11:42:47.596 [INFO] [Bluetooth] Bound classic device: Bluetooth 80:b9:89:b7:8c:92 [Bluetooth#Bluetooth00:1a:7d:da:71:13-80:b9:89:b7:8c:92]
2026-05-21 11:42:47.611 [INFO] [App] Monitoring started. Device='iPhone' poll=3s delay=10s useRssi=False
2026-05-21 11:42:47.614 [INFO] [State] Idle -> Monitoring
2026-05-21 11:42:47.626 [INFO] [App] Grace period armed: 30s (until 11:43:17). Reason: monitoring started
2026-05-21 11:43:08.667 [INFO] [Poll] Lock suppressed by grace period (9s left). Would-be reason: Bluetooth sustained disconnected for 21s
2026-05-21 11:43:11.702 [INFO] [Poll] Lock suppressed by grace period (6s left). Would-be reason: Bluetooth sustained disconnected for 24s
2026-05-21 11:43:14.641 [INFO] [Poll] Lock suppressed by grace period (3s left). Would-be reason: Bluetooth sustained disconnected for 27s
2026-05-21 11:43:17.750 [INFO] [State] Monitoring -> Countdown
2026-05-21 11:43:17.755 [INFO] [Countdown] Starting 10s countdown. Reason: Bluetooth sustained disconnected for 30s
2026-05-21 11:43:27.857 [INFO] [Lock] Countdown elapsed, executing lock sequence
2026-05-21 11:43:27.866 [INFO] [Lock] LockWorkStation() invoked successfully
2026-05-21 11:43:27.870 [INFO] [State] Countdown -> Locked
2026-05-21 11:43:28.163 [INFO] [Session] SessionLock detected
2026-05-21 11:43:28.168 [INFO] [App] Workstation locked (by us or otherwise)
2026-05-21 11:43:33.049 [INFO] [Session] SessionUnlock detected
2026-05-21 11:43:33.053 [INFO] [App] Workstation unlocked
2026-05-21 11:43:33.059 [INFO] [App] Grace period armed: 30s (until 11:44:03). Reason: workstation unlocked
2026-05-21 11:43:33.061 [INFO] [State] Locked -> Monitoring
2026-05-21 11:43:51.021 [INFO] [App] User changed device: iPhone (classic)
2026-05-21 11:43:51.038 [INFO] [Bluetooth] Monitor stopped
2026-05-21 11:43:51.084 [INFO] [Bluetooth] Bound classic device: Bluetooth 80:b9:89:b7:8c:92 [Bluetooth#Bluetooth00:1a:7d:da:71:13-80:b9:89:b7:8c:92]
2026-05-21 11:43:51.086 [INFO] [App] Monitoring started. Device='iPhone' poll=3s delay=10s useRssi=False
2026-05-21 11:43:51.088 [INFO] [App] Grace period armed: 30s (until 11:44:21). Reason: monitoring started
2026-05-21 11:44:12.135 [INFO] [Poll] Lock suppressed by grace period (9s left). Would-be reason: Bluetooth sustained disconnected for 21s
2026-05-21 11:44:15.125 [INFO] [Poll] Lock suppressed by grace period (6s left). Would-be reason: Bluetooth sustained disconnected for 24s
2026-05-21 11:44:18.135 [INFO] [Poll] Lock suppressed by grace period (3s left). Would-be reason: Bluetooth sustained disconnected for 27s
2026-05-21 11:44:21.160 [INFO] [State] Monitoring -> Countdown
2026-05-21 11:44:21.168 [INFO] [Countdown] Starting 10s countdown. Reason: Bluetooth sustained disconnected for 30s
2026-05-21 11:44:23.238 [WARN] [Countdown] Device reconnected/signal recovered during countdown; cancelling lock
2026-05-21 11:44:23.248 [INFO] [State] Countdown -> Monitoring
2026-05-21 11:44:45.165 [INFO] [State] Monitoring -> Countdown
2026-05-21 11:44:45.169 [INFO] [Countdown] Starting 10s countdown. Reason: Bluetooth sustained disconnected for 21s
2026-05-21 11:44:52.241 [WARN] [Countdown] Device reconnected/signal recovered during countdown; cancelling lock
2026-05-21 11:44:52.243 [INFO] [State] Countdown -> Monitoring
2026-05-21 11:45:15.156 [INFO] [State] Monitoring -> Countdown
2026-05-21 11:45:15.167 [INFO] [Countdown] Starting 10s countdown. Reason: Bluetooth sustained disconnected for 21s
2026-05-21 11:45:23.252 [WARN] [Countdown] Device reconnected/signal recovered during countdown; cancelling lock
2026-05-21 11:45:23.254 [INFO] [State] Countdown -> Monitoring
2026-05-21 11:45:45.129 [INFO] [State] Monitoring -> Countdown
2026-05-21 11:45:45.132 [INFO] [Countdown] Starting 10s countdown. Reason: Bluetooth sustained disconnected for 21s
2026-05-21 11:45:54.196 [WARN] [Countdown] Device reconnected/signal recovered during countdown; cancelling lock
2026-05-21 11:45:54.198 [INFO] [State] Countdown -> Monitoring
2026-05-21 11:46:18.177 [INFO] [State] Monitoring -> Countdown
2026-05-21 11:46:18.185 [INFO] [Countdown] Starting 10s countdown. Reason: Bluetooth sustained disconnected for 21s
2026-05-21 11:46:22.250 [WARN] [Countdown] Device reconnected/signal recovered during countdown; cancelling lock
2026-05-21 11:46:22.254 [INFO] [State] Countdown -> Monitoring
2026-05-21 11:46:45.164 [INFO] [State] Monitoring -> Countdown
2026-05-21 11:46:45.169 [INFO] [Countdown] Starting 10s countdown. Reason: Bluetooth sustained disconnected for 21s
2026-05-21 11:46:53.264 [WARN] [Countdown] Device reconnected/signal recovered during countdown; cancelling lock
2026-05-21 11:46:53.266 [INFO] [State] Countdown -> Monitoring
2026-05-21 11:47:15.131 [INFO] [State] Monitoring -> Countdown
2026-05-21 11:47:15.135 [INFO] [Countdown] Starting 10s countdown. Reason: Bluetooth sustained disconnected for 21s
2026-05-21 11:47:23.306 [WARN] [Countdown] Device reconnected/signal recovered during countdown; cancelling lock
2026-05-21 11:47:23.307 [INFO] [State] Countdown -> Monitoring
2026-05-21 11:47:45.117 [INFO] [State] Monitoring -> Countdown
2026-05-21 11:47:45.122 [INFO] [Countdown] Starting 10s countdown. Reason: Bluetooth sustained disconnected for 21s
2026-05-21 11:47:55.208 [INFO] [Lock] Countdown elapsed, executing lock sequence
2026-05-21 11:47:55.210 [INFO] [Lock] LockWorkStation() invoked successfully
2026-05-21 11:47:55.211 [INFO] [State] Countdown -> Locked
2026-05-21 11:47:55.574 [INFO] [Session] SessionLock detected
2026-05-21 11:47:55.579 [INFO] [App] Workstation locked (by us or otherwise)
2026-05-21 11:49:37.250 [INFO] [Session] SessionUnlock detected
2026-05-21 11:49:37.253 [INFO] [App] Workstation unlocked
2026-05-21 11:49:37.256 [INFO] [App] Grace period armed: 30s (until 11:50:07). Reason: workstation unlocked
2026-05-21 11:49:37.258 [INFO] [State] Locked -> Monitoring
2026-05-21 11:50:03.148 [INFO] [Poll] Lock suppressed by grace period (4s left). Would-be reason: Bluetooth sustained disconnected for 21s
2026-05-21 11:50:06.148 [INFO] [Poll] Lock suppressed by grace period (1s left). Would-be reason: Bluetooth sustained disconnected for 24s
2026-05-21 11:50:09.169 [INFO] [State] Monitoring -> Countdown
2026-05-21 11:50:09.179 [INFO] [Countdown] Starting 10s countdown. Reason: Bluetooth sustained disconnected for 27s
2026-05-21 11:50:19.279 [INFO] [Lock] Countdown elapsed, executing lock sequence
2026-05-21 11:50:19.283 [INFO] [Lock] LockWorkStation() invoked successfully
2026-05-21 11:50:19.289 [INFO] [State] Countdown -> Locked
2026-05-21 11:50:19.382 [INFO] [Session] SessionLock detected
2026-05-21 11:50:19.388 [INFO] [App] Workstation locked (by us or otherwise)
2026-05-21 11:50:22.655 [INFO] [Session] SessionUnlock detected
2026-05-21 11:50:22.657 [INFO] [App] Workstation unlocked
2026-05-21 11:50:22.660 [INFO] [App] Grace period armed: 30s (until 11:50:52). Reason: workstation unlocked
2026-05-21 11:50:22.663 [INFO] [State] Locked -> Monitoring
2026-05-21 11:50:45.162 [INFO] [Poll] Lock suppressed by grace period (7s left). Would-be reason: Bluetooth sustained disconnected for 22s
2026-05-21 11:50:48.162 [INFO] [Poll] Lock suppressed by grace period (4s left). Would-be reason: Bluetooth sustained disconnected for 25s
2026-05-21 11:50:51.142 [INFO] [Poll] Lock suppressed by grace period (2s left). Would-be reason: Bluetooth sustained disconnected for 28s
2026-05-21 11:50:54.150 [INFO] [State] Monitoring -> Countdown
2026-05-21 11:50:54.157 [INFO] [Countdown] Starting 10s countdown. Reason: Bluetooth sustained disconnected for 31s
2026-05-21 11:51:04.258 [INFO] [Lock] Countdown elapsed, executing lock sequence
2026-05-21 11:51:04.259 [INFO] [Lock] LockWorkStation() invoked successfully
2026-05-21 11:51:04.262 [INFO] [State] Countdown -> Locked
2026-05-21 11:51:04.330 [INFO] [Session] SessionLock detected
2026-05-21 11:51:04.333 [INFO] [App] Workstation locked (by us or otherwise)
2026-05-21 11:52:48.078 [INFO] [Session] SessionUnlock detected
2026-05-21 11:52:48.081 [INFO] [App] Workstation unlocked
2026-05-21 11:52:48.084 [INFO] [App] Grace period armed: 30s (until 11:53:18). Reason: workstation unlocked
2026-05-21 11:52:48.086 [INFO] [State] Locked -> Monitoring
2026-05-21 11:53:09.156 [INFO] [Poll] Lock suppressed by grace period (9s left). Would-be reason: Bluetooth sustained disconnected for 21s
2026-05-21 11:53:12.158 [INFO] [Poll] Lock suppressed by grace period (6s left). Would-be reason: Bluetooth sustained disconnected for 24s
2026-05-21 11:53:15.116 [INFO] [Poll] Lock suppressed by grace period (3s left). Would-be reason: Bluetooth sustained disconnected for 27s
2026-05-21 11:53:18.154 [INFO] [State] Monitoring -> Countdown
2026-05-21 11:53:18.170 [INFO] [Countdown] Starting 10s countdown. Reason: Bluetooth sustained disconnected for 30s
2026-05-21 11:53:28.238 [INFO] [Lock] Countdown elapsed, executing lock sequence
2026-05-21 11:53:28.243 [INFO] [Lock] LockWorkStation() invoked successfully
2026-05-21 11:53:28.247 [INFO] [State] Countdown -> Locked
2026-05-21 11:53:28.316 [INFO] [Session] SessionLock detected
2026-05-21 11:53:28.321 [INFO] [App] Workstation locked (by us or otherwise)
2026-05-21 11:53:30.898 [INFO] [Session] SessionUnlock detected
2026-05-21 11:53:30.900 [INFO] [App] Workstation unlocked
2026-05-21 11:53:30.903 [INFO] [App] Grace period armed: 30s (until 11:54:00). Reason: workstation unlocked
2026-05-21 11:53:30.904 [INFO] [State] Locked -> Monitoring
2026-05-21 11:53:57.128 [INFO] [Poll] Lock suppressed by grace period (4s left). Would-be reason: Bluetooth sustained disconnected for 21s
2026-05-21 11:54:00.126 [INFO] [Poll] Lock suppressed by grace period (1s left). Would-be reason: Bluetooth sustained disconnected for 24s
2026-05-21 11:54:03.188 [INFO] [State] Monitoring -> Countdown
2026-05-21 11:54:03.193 [INFO] [Countdown] Starting 10s countdown. Reason: Bluetooth sustained disconnected for 27s
2026-05-21 11:54:13.279 [INFO] [Lock] Countdown elapsed, executing lock sequence
2026-05-21 11:54:13.281 [INFO] [Lock] LockWorkStation() invoked successfully
2026-05-21 11:54:13.283 [INFO] [State] Countdown -> Locked
2026-05-21 11:54:13.343 [INFO] [Session] SessionLock detected
2026-05-21 11:54:13.353 [INFO] [App] Workstation locked (by us or otherwise)
2026-05-21 11:54:16.337 [INFO] [Session] SessionUnlock detected
2026-05-21 11:54:16.339 [INFO] [App] Workstation unlocked
2026-05-21 11:54:16.343 [INFO] [App] Grace period armed: 30s (until 11:54:46). Reason: workstation unlocked
2026-05-21 11:54:16.347 [INFO] [State] Locked -> Monitoring
2026-05-21 11:54:42.197 [INFO] [Poll] Lock suppressed by grace period (4s left). Would-be reason: Bluetooth sustained disconnected for 21s
2026-05-21 11:54:45.152 [INFO] [Poll] Lock suppressed by grace period (1s left). Would-be reason: Bluetooth sustained disconnected for 24s
2026-05-21 11:54:48.172 [INFO] [State] Monitoring -> Countdown
2026-05-21 11:54:48.181 [INFO] [Countdown] Starting 10s countdown. Reason: Bluetooth sustained disconnected for 27s
2026-05-21 11:54:58.232 [INFO] [Lock] Countdown elapsed, executing lock sequence
2026-05-21 11:54:58.233 [INFO] [Lock] LockWorkStation() invoked successfully
2026-05-21 11:54:58.234 [INFO] [State] Countdown -> Locked
2026-05-21 11:54:58.300 [INFO] [Session] SessionLock detected
2026-05-21 11:54:58.303 [INFO] [App] Workstation locked (by us or otherwise)
2026-05-21 11:55:00.754 [INFO] [Session] SessionUnlock detected
2026-05-21 11:55:00.756 [INFO] [App] Workstation unlocked
2026-05-21 11:55:00.760 [INFO] [App] Grace period armed: 30s (until 11:55:30). Reason: workstation unlocked
2026-05-21 11:55:00.761 [INFO] [State] Locked -> Monitoring
2026-05-21 11:55:27.161 [INFO] [Poll] Lock suppressed by grace period (4s left). Would-be reason: Bluetooth sustained disconnected for 21s
2026-05-21 11:55:30.132 [INFO] [Poll] Lock suppressed by grace period (1s left). Would-be reason: Bluetooth sustained disconnected for 24s
2026-05-21 11:55:33.163 [INFO] [State] Monitoring -> Countdown
2026-05-21 11:55:33.166 [INFO] [Countdown] Starting 10s countdown. Reason: Bluetooth sustained disconnected for 27s
2026-05-21 11:55:43.249 [INFO] [Lock] Countdown elapsed, executing lock sequence
2026-05-21 11:55:43.256 [INFO] [Lock] LockWorkStation() invoked successfully
2026-05-21 11:55:43.261 [INFO] [State] Countdown -> Locked
2026-05-21 11:55:43.346 [INFO] [Session] SessionLock detected
2026-05-21 11:55:43.360 [INFO] [App] Workstation locked (by us or otherwise)
2026-05-21 11:55:45.834 [INFO] [Session] SessionUnlock detected
2026-05-21 11:55:45.836 [INFO] [App] Workstation unlocked
2026-05-21 11:55:45.840 [INFO] [App] Grace period armed: 30s (until 11:56:15). Reason: workstation unlocked
2026-05-21 11:55:45.844 [INFO] [State] Locked -> Monitoring
2026-05-21 11:56:12.130 [INFO] [Poll] Lock suppressed by grace period (4s left). Would-be reason: Bluetooth sustained disconnected for 21s
2026-05-21 11:56:15.180 [INFO] [Poll] Lock suppressed by grace period (1s left). Would-be reason: Bluetooth sustained disconnected for 24s
2026-05-21 11:56:18.147 [INFO] [State] Monitoring -> Countdown
2026-05-21 11:56:18.150 [INFO] [Countdown] Starting 10s countdown. Reason: Bluetooth sustained disconnected for 27s
2026-05-21 11:56:28.190 [INFO] [Lock] Countdown elapsed, executing lock sequence
2026-05-21 11:56:28.192 [INFO] [Lock] LockWorkStation() invoked successfully
2026-05-21 11:56:28.193 [INFO] [State] Countdown -> Locked
2026-05-21 11:56:28.276 [INFO] [Session] SessionLock detected
2026-05-21 11:56:28.284 [INFO] [App] Workstation locked (by us or otherwise)
2026-05-21 11:56:31.037 [INFO] [Session] SessionUnlock detected
2026-05-21 11:56:31.039 [INFO] [App] Workstation unlocked
2026-05-21 11:56:31.042 [INFO] [App] Grace period armed: 30s (until 11:57:01). Reason: workstation unlocked
2026-05-21 11:56:31.043 [INFO] [State] Locked -> Monitoring
2026-05-21 11:56:57.170 [INFO] [Poll] Lock suppressed by grace period (4s left). Would-be reason: Bluetooth sustained disconnected for 21s
2026-05-21 11:57:00.164 [INFO] [Poll] Lock suppressed by grace period (1s left). Would-be reason: Bluetooth sustained disconnected for 24s
2026-05-21 11:57:03.190 [INFO] [State] Monitoring -> Countdown
2026-05-21 11:57:03.194 [INFO] [Countdown] Starting 10s countdown. Reason: Bluetooth sustained disconnected for 27s
2026-05-21 11:57:13.240 [INFO] [Lock] Countdown elapsed, executing lock sequence
2026-05-21 11:57:13.241 [INFO] [Lock] LockWorkStation() invoked successfully
2026-05-21 11:57:13.242 [INFO] [State] Countdown -> Locked
2026-05-21 11:57:13.308 [INFO] [Session] SessionLock detected
2026-05-21 11:57:13.310 [INFO] [App] Workstation locked (by us or otherwise)
2026-05-21 11:57:16.043 [INFO] [Session] SessionUnlock detected
2026-05-21 11:57:16.045 [INFO] [App] Workstation unlocked
2026-05-21 11:57:16.049 [INFO] [App] Grace period armed: 30s (until 11:57:46). Reason: workstation unlocked
2026-05-21 11:57:16.050 [INFO] [State] Locked -> Monitoring
2026-05-21 11:57:42.176 [INFO] [Poll] Lock suppressed by grace period (4s left). Would-be reason: Bluetooth sustained disconnected for 21s
2026-05-21 11:57:45.189 [INFO] [Poll] Lock suppressed by grace period (1s left). Would-be reason: Bluetooth sustained disconnected for 24s
2026-05-21 11:57:48.212 [INFO] [State] Monitoring -> Countdown
2026-05-21 11:57:48.219 [INFO] [Countdown] Starting 10s countdown. Reason: Bluetooth sustained disconnected for 27s
2026-05-21 12:08:45.305 [INFO] [App] ==== Proximity Lock starting (root=D:\Program Files\blue, config=D:\Program Files\blue\config.json) ====
2026-05-21 12:08:45.329 [INFO] [App] Target device: iPhone (classic)
2026-05-21 12:08:45.703 [INFO] [Session] Session lock/unlock listener registered
2026-05-21 12:08:45.802 [INFO] [Bluetooth] Bound classic device: iPhone [Bluetooth#Bluetooth00:1a:7d:da:71:13-80:b9:89:b7:8c:92]
2026-05-21 12:08:45.816 [INFO] [App] Monitoring started. Device='iPhone' poll=3s delay=10s useRssi=False
2026-05-21 12:08:45.819 [INFO] [State] Idle -> Monitoring
2026-05-21 12:08:45.832 [INFO] [App] Grace period armed: 30s (until 12:09:15). Reason: monitoring started
2026-05-21 12:08:55.462 [INFO] [Poll] Active probe restored connection
2026-05-21 12:09:18.360 [INFO] [State] Monitoring -> Countdown
2026-05-21 12:09:18.365 [INFO] [Countdown] Starting 10s countdown. Reason: Bluetooth sustained disconnected for 21s
2026-05-21 12:09:44.696 [INFO] [Lock] Countdown elapsed, executing lock sequence
2026-05-21 12:09:44.701 [INFO] [Lock] LockWorkStation() invoked successfully
2026-05-21 12:09:44.704 [INFO] [State] Countdown -> Locked
2026-05-21 12:09:44.801 [INFO] [Session] SessionLock detected
2026-05-21 12:09:44.806 [INFO] [App] Workstation locked (by us or otherwise)
2026-05-21 12:09:47.515 [INFO] [Session] SessionUnlock detected
2026-05-21 12:09:47.521 [INFO] [App] Workstation unlocked
2026-05-21 12:09:47.528 [INFO] [App] Grace period armed: 30s (until 12:10:17). Reason: workstation unlocked
2026-05-21 12:09:47.533 [INFO] [State] Locked -> Monitoring
2026-05-21 12:10:21.361 [INFO] [State] Monitoring -> Countdown
2026-05-21 12:10:21.375 [INFO] [Countdown] Starting 10s countdown. Reason: Bluetooth sustained disconnected for 21s
2026-05-21 12:10:47.687 [INFO] [Lock] Countdown elapsed, executing lock sequence
2026-05-21 12:10:47.688 [INFO] [Lock] LockWorkStation() invoked successfully
2026-05-21 12:10:47.689 [INFO] [State] Countdown -> Locked
2026-05-21 12:10:47.771 [INFO] [Session] SessionLock detected
2026-05-21 12:10:47.774 [INFO] [App] Workstation locked (by us or otherwise)
2026-05-21 12:10:50.019 [INFO] [Session] SessionUnlock detected
2026-05-21 12:10:50.022 [INFO] [App] Workstation unlocked
2026-05-21 12:10:50.025 [INFO] [App] Grace period armed: 30s (until 12:11:20). Reason: workstation unlocked
2026-05-21 12:10:50.028 [INFO] [State] Locked -> Monitoring
2026-05-21 12:11:06.928 [INFO] [Poll] Active probe restored connection
2026-05-21 12:11:30.421 [INFO] [State] Monitoring -> Countdown
2026-05-21 12:11:30.425 [INFO] [Countdown] Starting 10s countdown. Reason: Bluetooth sustained disconnected for 21s
2026-05-21 12:11:54.469 [INFO] [Session] SessionLock detected
2026-05-21 12:11:54.475 [INFO] [App] Workstation locked (by us or otherwise)
2026-05-21 12:11:54.483 [INFO] [State] Countdown -> Locked
2026-05-21 12:11:57.058 [INFO] [Lock] Countdown elapsed, executing lock sequence
2026-05-21 12:11:57.062 [INFO] [Lock] LockWorkStation() invoked successfully
2026-05-21 13:09:11.537 [INFO] [Session] SessionUnlock detected
2026-05-21 13:09:11.539 [INFO] [App] Workstation unlocked
2026-05-21 13:09:11.541 [INFO] [App] Grace period armed: 30s (until 13:09:41). Reason: workstation unlocked
2026-05-21 13:09:11.544 [INFO] [State] Locked -> Monitoring
2026-05-21 13:09:33.058 [INFO] [Poll] Active probe restored connection
2026-05-21 13:09:47.833 [INFO] [Poll] Active probe restored connection
2026-05-21 13:10:30.258 [INFO] [Poll] Active probe restored connection
2026-05-21 13:10:51.487 [INFO] [State] Monitoring -> Countdown
2026-05-21 13:10:51.494 [INFO] [Countdown] Starting 10s countdown. Reason: Bluetooth sustained disconnected for 21s
2026-05-21 13:10:57.647 [WARN] [Countdown] Device reconnected/signal recovered during countdown; cancelling lock
2026-05-21 13:10:57.649 [INFO] [State] Countdown -> Monitoring
2026-05-21 13:11:11.090 [INFO] [Poll] Active probe restored connection
2026-05-21 13:11:20.071 [INFO] [Poll] Active probe restored connection
2026-05-21 13:11:30.316 [INFO] [Poll] Active probe restored connection
2026-05-21 13:11:40.720 [INFO] [Poll] Active probe restored connection
2026-05-21 13:11:53.241 [INFO] [Poll] Active probe restored connection
2026-05-21 13:12:08.863 [INFO] [Poll] Active probe restored connection
2026-05-21 13:12:31.737 [INFO] [Poll] Active probe restored connection
2026-05-21 13:12:40.756 [INFO] [Poll] Active probe restored connection
2026-05-21 13:12:49.902 [INFO] [Poll] Active probe restored connection
2026-05-21 13:12:59.334 [INFO] [Poll] Active probe restored connection
2026-05-21 13:13:08.178 [INFO] [Poll] Active probe restored connection
2026-05-21 13:13:17.779 [INFO] [Poll] Active probe restored connection
2026-05-21 13:13:26.738 [INFO] [Poll] Active probe restored connection
2026-05-21 13:13:40.853 [INFO] [Poll] Active probe restored connection
2026-05-21 13:14:05.093 [INFO] [Poll] Active probe restored connection
2026-05-21 13:14:17.037 [INFO] [Poll] Active probe restored connection
2026-05-21 13:14:25.993 [INFO] [Poll] Active probe restored connection
2026-05-21 13:14:35.031 [INFO] [Poll] Active probe restored connection
2026-05-21 13:14:43.522 [INFO] [Poll] Active probe restored connection
2026-05-21 13:14:52.878 [INFO] [Poll] Active probe restored connection
2026-05-21 13:15:05.549 [INFO] [Poll] Active probe restored connection
2026-05-21 13:15:14.403 [INFO] [Poll] Active probe restored connection
2026-05-21 13:15:26.023 [INFO] [Poll] Active probe restored connection
2026-05-21 13:15:38.594 [INFO] [Poll] Active probe restored connection
2026-05-21 13:15:47.535 [INFO] [Poll] Active probe restored connection
2026-05-21 13:16:01.863 [INFO] [Poll] Active probe restored connection
2026-05-21 13:16:24.481 [INFO] [State] Monitoring -> Countdown
2026-05-21 13:16:24.495 [INFO] [Countdown] Starting 10s countdown. Reason: Bluetooth sustained disconnected for 20s
2026-05-21 13:16:50.795 [INFO] [Lock] Countdown elapsed, executing lock sequence
2026-05-21 13:16:50.796 [INFO] [Lock] LockWorkStation() invoked successfully
2026-05-21 13:16:50.797 [INFO] [State] Countdown -> Locked
2026-05-21 13:16:50.868 [INFO] [Session] SessionLock detected
2026-05-21 13:16:50.879 [INFO] [App] Workstation locked (by us or otherwise)
2026-05-21 13:18:58.945 [INFO] [Session] SessionUnlock detected
2026-05-21 13:18:58.948 [INFO] [App] Workstation unlocked
2026-05-21 13:18:58.951 [INFO] [App] Grace period armed: 30s (until 13:19:28). Reason: workstation unlocked
2026-05-21 13:18:58.954 [INFO] [State] Locked -> Monitoring
2026-05-21 13:19:22.515 [INFO] [Poll] Active probe restored connection
2026-05-21 13:36:59.078 [INFO] [App] ==== Proximity Lock starting (root=D:\Program Files\blue, config=D:\Program Files\blue\config.json) ====
2026-05-21 13:36:59.127 [INFO] [App] Target device: iPhone (classic)
2026-05-21 13:36:59.526 [INFO] [Session] Session lock/unlock listener registered
2026-05-21 13:36:59.603 [INFO] [Bluetooth] Bound classic device: iPhone [Bluetooth#Bluetooth00:1a:7d:da:71:13-80:b9:89:b7:8c:92]
2026-05-21 13:36:59.616 [INFO] [App] Monitoring started. Device='iPhone' poll=3s delay=10s useRssi=False
2026-05-21 13:36:59.619 [INFO] [State] Idle -> Monitoring
2026-05-21 13:36:59.631 [INFO] [App] Grace period armed: 30s (until 13:37:29). Reason: monitoring started
2026-05-21 13:57:33.325 [INFO] [App] ==== Proximity Lock starting (root=D:\Program Files\blue, config=D:\Program Files\blue\config.json) ====
2026-05-21 13:57:33.377 [INFO] [App] Target device: iPhone (classic)
2026-05-21 13:57:33.406 [INFO] [Session] Session lock/unlock listener registered
2026-05-21 13:57:33.476 [INFO] [Bluetooth] Bound classic device: iPhone [Bluetooth#Bluetooth00:1a:7d:da:71:13-80:b9:89:b7:8c:92]
2026-05-21 13:57:33.514 [INFO] [App] Monitoring started. Device='iPhone' poll=3s delay=10s useRssi=False
2026-05-21 13:57:33.517 [INFO] [State] Idle -> Monitoring
2026-05-21 13:57:33.528 [INFO] [App] Grace period armed: 30s (until 13:58:03). Reason: monitoring started
2026-05-21 13:57:33.589 [DEBUG] [Poll] connected=True rssi=n/a probe=False
2026-05-21 13:57:36.540 [DEBUG] [Poll] connected=True rssi=n/a probe=False
2026-05-21 13:57:39.536 [DEBUG] [Poll] connected=True rssi=n/a probe=False
2026-05-21 13:57:42.533 [DEBUG] [Poll] connected=True rssi=n/a probe=False
2026-05-21 13:57:45.532 [DEBUG] [Poll] connected=True rssi=n/a probe=False
2026-05-21 13:57:48.541 [DEBUG] [Poll] connected=True rssi=n/a probe=False
2026-05-21 13:57:51.536 [DEBUG] [Poll] connected=True rssi=n/a probe=False
2026-05-21 13:57:54.546 [DEBUG] [Poll] connected=True rssi=n/a probe=False
2026-05-21 13:57:57.564 [DEBUG] [Poll] connected=True rssi=n/a probe=False
2026-05-21 13:58:00.537 [DEBUG] [Poll] connected=True rssi=n/a probe=False
2026-05-21 13:58:03.549 [DEBUG] [Poll] connected=True rssi=n/a probe=False
2026-05-21 13:58:03.551 [DEBUG] [Poll] Grace period expired
2026-05-21 13:58:06.582 [DEBUG] [Poll] connected=True rssi=n/a probe=False
2026-05-21 13:58:09.563 [DEBUG] [Poll] connected=True rssi=n/a probe=False
2026-05-21 13:58:12.561 [DEBUG] [Poll] connected=True rssi=n/a probe=False
2026-05-21 13:58:15.579 [DEBUG] [Poll] connected=True rssi=n/a probe=False
2026-05-21 13:58:18.541 [DEBUG] [Poll] connected=True rssi=n/a probe=False
2026-05-21 13:58:21.583 [DEBUG] [Poll] connected=True rssi=n/a probe=False
2026-05-21 13:58:24.535 [DEBUG] [Poll] connected=True rssi=n/a probe=False
2026-05-21 13:58:27.545 [DEBUG] [Poll] connected=True rssi=n/a probe=False
2026-05-21 13:58:30.542 [DEBUG] [Poll] connected=True rssi=n/a probe=False
2026-05-21 13:58:33.593 [DEBUG] [Poll] connected=True rssi=n/a probe=False
2026-05-21 13:58:36.593 [DEBUG] [Poll] connected=True rssi=n/a probe=False
2026-05-21 13:58:39.542 [DEBUG] [Poll] connected=True rssi=n/a probe=False
2026-05-21 13:58:42.545 [DEBUG] [Poll] connected=True rssi=n/a probe=False
2026-05-21 13:58:45.579 [DEBUG] [Poll] connected=True rssi=n/a probe=False
2026-05-21 13:58:48.596 [DEBUG] [Poll] connected=True rssi=n/a probe=False
2026-05-21 13:58:51.548 [DEBUG] [Poll] connected=True rssi=n/a probe=False
2026-05-21 13:58:54.546 [DEBUG] [Poll] connected=True rssi=n/a probe=False
2026-05-21 13:58:57.575 [DEBUG] [Poll] connected=True rssi=n/a probe=False
2026-05-21 13:59:00.543 [DEBUG] [Poll] connected=True rssi=n/a probe=False
2026-05-21 13:59:03.545 [DEBUG] [Poll] connected=True rssi=n/a probe=False
2026-05-21 13:59:06.576 [DEBUG] [Poll] connected=True rssi=n/a probe=False
2026-05-21 13:59:09.590 [DEBUG] [Poll] connected=True rssi=n/a probe=False
2026-05-21 13:59:12.537 [DEBUG] [Poll] connected=True rssi=n/a probe=False
2026-05-21 13:59:15.549 [DEBUG] [Poll] connected=True rssi=n/a probe=False
2026-05-21 14:05:51.397 [INFO] [App] ==== Proximity Lock starting (root=D:\Program Files\blue, config=D:\Program Files\blue\config.json) ====
2026-05-21 14:05:51.429 [INFO] [App] Target device: iPhone (classic)
2026-05-21 14:05:51.841 [INFO] [Session] Session lock/unlock listener registered
2026-05-21 14:05:51.919 [INFO] [Bluetooth] Bound classic device: iPhone [Bluetooth#Bluetooth00:1a:7d:da:71:13-80:b9:89:b7:8c:92]
2026-05-21 14:05:51.934 [INFO] [App] Monitoring started. Device='iPhone' poll=3s delay=10s useRssi=False
2026-05-21 14:05:51.940 [INFO] [State] Idle -> Monitoring
2026-05-21 14:05:51.953 [INFO] [App] Grace period armed: 30s (until 14:06:21). Reason: monitoring started
2026-05-21 15:45:39.522 [INFO] [App] User invoked Lock now
2026-05-21 15:45:39.534 [INFO] [Lock] LockWorkStation() invoked successfully
2026-05-21 15:45:39.622 [INFO] [Session] SessionLock detected
2026-05-21 15:45:39.632 [INFO] [App] Workstation locked (by us or otherwise)
2026-05-21 15:45:39.635 [INFO] [State] Monitoring -> Locked
2026-05-21 15:45:43.087 [INFO] [Session] SessionUnlock detected
2026-05-21 15:45:43.092 [INFO] [App] Workstation unlocked
2026-05-21 15:45:43.106 [INFO] [App] Grace period armed: 30s (until 15:46:13). Reason: workstation unlocked
2026-05-21 15:45:43.107 [INFO] [State] Locked -> Monitoring
2026-05-21 16:37:17.307 [INFO] [Bluetooth] Active probe failed: WinRT async operation timed out after 4000ms
2026-05-21 16:37:21.371 [INFO] [Bluetooth] Active probe failed: WinRT async operation timed out after 4000ms
2026-05-21 16:37:25.424 [INFO] [Bluetooth] Active probe failed: WinRT async operation timed out after 4000ms
2026-05-21 16:37:29.475 [INFO] [Bluetooth] Active probe failed: WinRT async operation timed out after 4000ms
2026-05-21 16:37:33.501 [INFO] [Bluetooth] Active probe failed: WinRT async operation timed out after 4000ms
2026-05-21 16:37:37.560 [INFO] [Bluetooth] Active probe failed: WinRT async operation timed out after 4000ms
2026-05-21 16:37:41.602 [INFO] [Bluetooth] Active probe failed: WinRT async operation timed out after 4000ms
2026-05-21 16:37:45.640 [INFO] [Bluetooth] Active probe failed: WinRT async operation timed out after 4000ms
2026-05-21 16:37:45.678 [INFO] [State] Monitoring -> Countdown
2026-05-21 16:37:45.685 [INFO] [Countdown] Starting 10s countdown. Reason: Bluetooth sustained disconnected for 28s
2026-05-21 16:37:50.721 [INFO] [Bluetooth] Active probe failed: WinRT async operation timed out after 4000ms
2026-05-21 16:37:54.763 [INFO] [Bluetooth] Active probe failed: WinRT async operation timed out after 4000ms
2026-05-21 16:37:58.798 [INFO] [Bluetooth] Active probe failed: WinRT async operation timed out after 4000ms
2026-05-21 16:38:02.829 [INFO] [Bluetooth] Active probe failed: WinRT async operation timed out after 4000ms
2026-05-21 16:38:06.879 [INFO] [Bluetooth] Active probe failed: WinRT async operation timed out after 4000ms
2026-05-21 16:38:10.910 [INFO] [Bluetooth] Active probe failed: WinRT async operation timed out after 4000ms
2026-05-21 16:38:13.141 [WARN] [Countdown] Device reconnected/signal recovered during countdown; cancelling lock
2026-05-21 16:38:13.142 [INFO] [State] Countdown -> Monitoring
2026-05-21 16:38:17.227 [INFO] [Bluetooth] Active probe failed: WinRT async operation timed out after 4000ms
2026-05-21 16:38:21.257 [INFO] [Bluetooth] Active probe failed: WinRT async operation timed out after 4000ms
2026-05-21 16:38:25.308 [INFO] [Bluetooth] Active probe failed: WinRT async operation timed out after 4000ms
2026-05-21 16:38:29.359 [INFO] [Bluetooth] Active probe failed: WinRT async operation timed out after 4000ms
2026-05-21 16:38:33.385 [INFO] [Bluetooth] Active probe failed: WinRT async operation timed out after 4000ms
2026-05-21 16:38:37.418 [INFO] [Bluetooth] Active probe failed: WinRT async operation timed out after 4000ms
2026-05-21 16:38:41.464 [INFO] [Bluetooth] Active probe failed: WinRT async operation timed out after 4000ms
2026-05-21 16:38:45.492 [INFO] [Bluetooth] Active probe failed: WinRT async operation timed out after 4000ms
2026-05-21 16:38:45.494 [INFO] [State] Monitoring -> Countdown
2026-05-21 16:38:45.500 [INFO] [Countdown] Starting 10s countdown. Reason: Bluetooth sustained disconnected for 28s
2026-05-21 16:38:50.538 [INFO] [Bluetooth] Active probe failed: WinRT async operation timed out after 4000ms
2026-05-21 16:38:54.555 [INFO] [Bluetooth] Active probe failed: WinRT async operation timed out after 4000ms
2026-05-21 16:38:58.578 [INFO] [Bluetooth] Active probe failed: WinRT async operation timed out after 4000ms
2026-05-21 16:39:02.608 [INFO] [Bluetooth] Active probe failed: WinRT async operation timed out after 4000ms
2026-05-21 16:39:02.613 [WARN] [Countdown] User activity during countdown (idle=4s); cancelling lock
2026-05-21 16:39:02.614 [INFO] [State] Countdown -> Monitoring
2026-05-21 16:39:06.655 [INFO] [Bluetooth] Active probe failed: WinRT async operation timed out after 4000ms
2026-05-21 16:39:06.656 [INFO] [Poll] Lock suppressed by user activity (idle=8s < 30s). Would-be reason: Bluetooth sustained disconnected for 49s
2026-05-21 16:39:10.717 [INFO] [Bluetooth] Active probe failed: WinRT async operation timed out after 4000ms
2026-05-21 16:39:10.720 [INFO] [Poll] Lock suppressed by user activity (idle=0s < 30s). Would-be reason: Bluetooth sustained disconnected for 53s
2026-05-21 16:39:13.242 [INFO] [Poll] Active probe restored connection
2026-05-21 16:39:17.314 [INFO] [Bluetooth] Active probe failed: WinRT async operation timed out after 4000ms
2026-05-21 16:39:21.361 [INFO] [Bluetooth] Active probe failed: WinRT async operation timed out after 4000ms
2026-05-21 16:39:25.407 [INFO] [Bluetooth] Active probe failed: WinRT async operation timed out after 4000ms
2026-05-21 16:39:29.451 [INFO] [Bluetooth] Active probe failed: WinRT async operation timed out after 4000ms
2026-05-21 16:39:33.491 [INFO] [Bluetooth] Active probe failed: WinRT async operation timed out after 4000ms
2026-05-21 16:39:37.521 [INFO] [Bluetooth] Active probe failed: WinRT async operation timed out after 4000ms
2026-05-21 16:39:41.563 [INFO] [Bluetooth] Active probe failed: WinRT async operation timed out after 4000ms
2026-05-21 16:39:45.603 [INFO] [Bluetooth] Active probe failed: WinRT async operation timed out after 4000ms
2026-05-21 16:39:45.604 [INFO] [Poll] Lock suppressed by user activity (idle=0s < 30s). Would-be reason: Bluetooth sustained disconnected for 28s
2026-05-21 16:39:49.650 [INFO] [Bluetooth] Active probe failed: WinRT async operation timed out after 4000ms
2026-05-21 16:39:49.652 [INFO] [Poll] Lock suppressed by user activity (idle=0s < 30s). Would-be reason: Bluetooth sustained disconnected for 32s
2026-05-21 16:39:53.687 [INFO] [Bluetooth] Active probe failed: WinRT async operation timed out after 4000ms
2026-05-21 16:39:53.692 [INFO] [Poll] Lock suppressed by user activity (idle=0s < 30s). Would-be reason: Bluetooth sustained disconnected for 36s
2026-05-21 16:39:57.725 [INFO] [Bluetooth] Active probe failed: WinRT async operation timed out after 4000ms
2026-05-21 16:39:57.727 [INFO] [Poll] Lock suppressed by user activity (idle=0s < 30s). Would-be reason: Bluetooth sustained disconnected for 40s
2026-05-21 16:40:01.779 [INFO] [Bluetooth] Active probe failed: WinRT async operation timed out after 4000ms
2026-05-21 16:40:01.781 [INFO] [Poll] Lock suppressed by user activity (idle=0s < 30s). Would-be reason: Bluetooth sustained disconnected for 44s
2026-05-21 16:40:05.822 [INFO] [Bluetooth] Active probe failed: WinRT async operation timed out after 4000ms
2026-05-21 16:40:05.824 [INFO] [Poll] Lock suppressed by user activity (idle=3s < 30s). Would-be reason: Bluetooth sustained disconnected for 49s
2026-05-21 16:40:09.851 [INFO] [Bluetooth] Active probe failed: WinRT async operation timed out after 4000ms
2026-05-21 16:40:09.853 [INFO] [Poll] Lock suppressed by user activity (idle=7s < 30s). Would-be reason: Bluetooth sustained disconnected for 53s
2026-05-21 16:40:13.352 [INFO] [Poll] Active probe restored connection
2026-05-21 16:40:14.980 [INFO] [Poll] Active probe restored connection
2026-05-21 16:40:17.181 [INFO] [Poll] Active probe restored connection
2026-05-21 16:40:21.922 [INFO] [Poll] Active probe restored connection
2026-05-21 16:40:29.009 [INFO] [Poll] Active probe restored connection
2026-05-21 16:40:32.626 [INFO] [Poll] Active probe restored connection
2026-05-21 16:40:36.491 [INFO] [Poll] Active probe restored connection
2026-05-21 16:40:44.244 [INFO] [Bluetooth] Active probe failed: WinRT async operation timed out after 4000ms
2026-05-21 16:40:48.284 [INFO] [Bluetooth] Active probe failed: WinRT async operation timed out after 4000ms
2026-05-21 16:40:52.338 [INFO] [Bluetooth] Active probe failed: WinRT async operation timed out after 4000ms
2026-05-21 16:40:56.387 [INFO] [Bluetooth] Active probe failed: WinRT async operation timed out after 4000ms
2026-05-21 16:41:00.435 [INFO] [Bluetooth] Active probe failed: WinRT async operation timed out after 4000ms
2026-05-21 16:41:04.494 [INFO] [Bluetooth] Active probe failed: WinRT async operation timed out after 4000ms
2026-05-21 16:41:08.528 [INFO] [Bluetooth] Active probe failed: WinRT async operation timed out after 4000ms
2026-05-21 16:41:12.033 [INFO] [Poll] Active probe restored connection
2026-05-21 16:41:16.711 [INFO] [Poll] Active probe restored connection
2026-05-21 16:41:20.212 [INFO] [Poll] Active probe restored connection
2026-05-21 16:41:24.160 [INFO] [Poll] Active probe restored connection
2026-05-21 16:41:31.699 [INFO] [Poll] Active probe restored connection
2026-05-21 16:41:38.229 [INFO] [Poll] Active probe restored connection
2026-05-21 16:41:42.201 [INFO] [Poll] Active probe restored connection
2026-05-21 16:41:46.889 [INFO] [Poll] Active probe restored connection
2026-05-21 16:41:50.771 [INFO] [Poll] Active probe restored connection
2026-05-21 16:41:56.249 [INFO] [Poll] Active probe restored connection
2026-05-21 16:41:59.942 [INFO] [Poll] Active probe restored connection
2026-05-21 16:42:05.262 [INFO] [Bluetooth] Active probe failed: WinRT async operation timed out after 4000ms
2026-05-21 16:42:09.302 [INFO] [Bluetooth] Active probe failed: WinRT async operation timed out after 4000ms
2026-05-21 16:42:13.343 [INFO] [Bluetooth] Active probe failed: WinRT async operation timed out after 4000ms
2026-05-21 16:42:17.395 [INFO] [Bluetooth] Active probe failed: WinRT async operation timed out after 4000ms
2026-05-21 16:42:21.450 [INFO] [Bluetooth] Active probe failed: WinRT async operation timed out after 4000ms
2026-05-21 16:42:25.483 [INFO] [Bluetooth] Active probe failed: WinRT async operation timed out after 4000ms
2026-05-21 16:42:29.529 [INFO] [Bluetooth] Active probe failed: WinRT async operation timed out after 4000ms
2026-05-21 16:42:33.582 [INFO] [Bluetooth] Active probe failed: WinRT async operation timed out after 4000ms
2026-05-21 16:42:33.583 [INFO] [Poll] Lock suppressed by user activity (idle=0s < 30s). Would-be reason: Bluetooth sustained disconnected for 28s
2026-05-21 16:42:37.628 [INFO] [Bluetooth] Active probe failed: WinRT async operation timed out after 4000ms
2026-05-21 16:42:37.630 [INFO] [Poll] Lock suppressed by user activity (idle=0s < 30s). Would-be reason: Bluetooth sustained disconnected for 32s
2026-05-21 16:42:41.677 [INFO] [Bluetooth] Active probe failed: WinRT async operation timed out after 4000ms
2026-05-21 16:42:41.678 [INFO] [Poll] Lock suppressed by user activity (idle=2s < 30s). Would-be reason: Bluetooth sustained disconnected for 36s
2026-05-21 16:42:45.722 [INFO] [Bluetooth] Active probe failed: WinRT async operation timed out after 4000ms
2026-05-21 16:42:45.724 [INFO] [Poll] Lock suppressed by user activity (idle=0s < 30s). Would-be reason: Bluetooth sustained disconnected for 40s
2026-05-21 16:42:49.766 [INFO] [Bluetooth] Active probe failed: WinRT async operation timed out after 4000ms
2026-05-21 16:42:49.767 [INFO] [Poll] Lock suppressed by user activity (idle=0s < 30s). Would-be reason: Bluetooth sustained disconnected for 45s
2026-05-21 16:42:53.814 [INFO] [Bluetooth] Active probe failed: WinRT async operation timed out after 4000ms
2026-05-21 16:42:53.817 [INFO] [Poll] Lock suppressed by user activity (idle=0s < 30s). Would-be reason: Bluetooth sustained disconnected for 49s
2026-05-21 16:42:57.858 [INFO] [Bluetooth] Active probe failed: WinRT async operation timed out after 4000ms
2026-05-21 16:42:57.859 [INFO] [Poll] Lock suppressed by user activity (idle=0s < 30s). Would-be reason: Bluetooth sustained disconnected for 53s
2026-05-21 16:43:01.292 [INFO] [Poll] Active probe restored connection
2026-05-21 16:43:05.371 [INFO] [Bluetooth] Active probe failed: WinRT async operation timed out after 4000ms
2026-05-21 16:43:09.402 [INFO] [Bluetooth] Active probe failed: WinRT async operation timed out after 4000ms
2026-05-21 16:43:13.446 [INFO] [Bluetooth] Active probe failed: WinRT async operation timed out after 4000ms
2026-05-21 16:43:17.487 [INFO] [Bluetooth] Active probe failed: WinRT async operation timed out after 4000ms
2026-05-21 16:43:21.540 [INFO] [Bluetooth] Active probe failed: WinRT async operation timed out after 4000ms
2026-05-21 16:43:25.586 [INFO] [Bluetooth] Active probe failed: WinRT async operation timed out after 4000ms
2026-05-21 16:43:29.627 [INFO] [Bluetooth] Active probe failed: WinRT async operation timed out after 4000ms
2026-05-21 16:43:33.674 [INFO] [Bluetooth] Active probe failed: WinRT async operation timed out after 4000ms
2026-05-21 16:43:33.675 [INFO] [Poll] Lock suppressed by user activity (idle=5s < 30s). Would-be reason: Bluetooth sustained disconnected for 28s
2026-05-21 16:43:37.728 [INFO] [Bluetooth] Active probe failed: WinRT async operation timed out after 4000ms
2026-05-21 16:43:37.730 [INFO] [Poll] Lock suppressed by user activity (idle=9s < 30s). Would-be reason: Bluetooth sustained disconnected for 32s
2026-05-21 16:43:41.768 [INFO] [Bluetooth] Active probe failed: WinRT async operation timed out after 4000ms
2026-05-21 16:43:41.769 [INFO] [Poll] Lock suppressed by user activity (idle=13s < 30s). Would-be reason: Bluetooth sustained disconnected for 36s
2026-05-21 16:43:45.806 [INFO] [Bluetooth] Active probe failed: WinRT async operation timed out after 4000ms
2026-05-21 16:43:45.807 [INFO] [Poll] Lock suppressed by user activity (idle=17s < 30s). Would-be reason: Bluetooth sustained disconnected for 40s
2026-05-21 16:43:49.849 [INFO] [Bluetooth] Active probe failed: WinRT async operation timed out after 4000ms
2026-05-21 16:43:49.851 [INFO] [Poll] Lock suppressed by user activity (idle=21s < 30s). Would-be reason: Bluetooth sustained disconnected for 44s
2026-05-21 16:43:53.898 [INFO] [Bluetooth] Active probe failed: WinRT async operation timed out after 4000ms
2026-05-21 16:43:53.900 [INFO] [Poll] Lock suppressed by user activity (idle=25s < 30s). Would-be reason: Bluetooth sustained disconnected for 49s
2026-05-21 16:43:57.944 [INFO] [Bluetooth] Active probe failed: WinRT async operation timed out after 4000ms
2026-05-21 16:43:57.944 [INFO] [Poll] Lock suppressed by user activity (idle=29s < 30s). Would-be reason: Bluetooth sustained disconnected for 53s
2026-05-21 16:44:01.980 [INFO] [Bluetooth] Active probe failed: WinRT async operation timed out after 4000ms
2026-05-21 16:44:01.982 [INFO] [State] Monitoring -> Countdown
2026-05-21 16:44:01.988 [INFO] [Countdown] Starting 10s countdown. Reason: Bluetooth sustained disconnected for 57s
2026-05-21 16:44:07.012 [INFO] [Bluetooth] Active probe failed: WinRT async operation timed out after 4000ms
2026-05-21 16:44:07.018 [WARN] [Countdown] User activity during countdown (idle=0s); cancelling lock
2026-05-21 16:44:07.019 [INFO] [State] Countdown -> Monitoring
2026-05-21 16:44:11.057 [INFO] [Bluetooth] Active probe failed: WinRT async operation timed out after 4000ms
2026-05-21 16:44:11.059 [INFO] [Poll] Lock suppressed by user activity (idle=1s < 30s). Would-be reason: Bluetooth sustained disconnected for 66s
2026-05-21 16:44:15.089 [INFO] [Bluetooth] Active probe failed: WinRT async operation timed out after 4000ms
2026-05-21 16:44:15.091 [INFO] [Poll] Lock suppressed by user activity (idle=0s < 30s). Would-be reason: Bluetooth sustained disconnected for 70s
2026-05-21 16:44:19.144 [INFO] [Bluetooth] Active probe failed: WinRT async operation timed out after 4000ms
2026-05-21 16:44:19.146 [INFO] [Poll] Lock suppressed by user activity (idle=0s < 30s). Would-be reason: Bluetooth sustained disconnected for 74s
2026-05-21 16:44:23.196 [INFO] [Bluetooth] Active probe failed: WinRT async operation timed out after 4000ms
2026-05-21 16:44:23.199 [INFO] [Poll] Lock suppressed by user activity (idle=2s < 30s). Would-be reason: Bluetooth sustained disconnected for 78s
2026-05-21 16:44:27.240 [INFO] [Bluetooth] Active probe failed: WinRT async operation timed out after 4000ms
2026-05-21 16:44:27.242 [INFO] [Poll] Lock suppressed by user activity (idle=2s < 30s). Would-be reason: Bluetooth sustained disconnected for 82s
2026-05-21 16:44:31.295 [INFO] [Bluetooth] Active probe failed: WinRT async operation timed out after 4000ms
2026-05-21 16:44:31.297 [INFO] [Poll] Lock suppressed by user activity (idle=6s < 30s). Would-be reason: Bluetooth sustained disconnected for 86s
2026-05-21 16:44:35.353 [INFO] [Bluetooth] Active probe failed: WinRT async operation timed out after 4000ms
2026-05-21 16:44:35.354 [INFO] [Poll] Lock suppressed by user activity (idle=0s < 30s). Would-be reason: Bluetooth sustained disconnected for 90s
2026-05-21 16:44:39.387 [INFO] [Bluetooth] Active probe failed: WinRT async operation timed out after 4000ms
2026-05-21 16:44:39.387 [INFO] [Poll] Lock suppressed by user activity (idle=1s < 30s). Would-be reason: Bluetooth sustained disconnected for 94s
2026-05-21 16:44:43.437 [INFO] [Bluetooth] Active probe failed: WinRT async operation timed out after 4000ms
2026-05-21 16:44:43.439 [INFO] [Poll] Lock suppressed by user activity (idle=5s < 30s). Would-be reason: Bluetooth sustained disconnected for 98s
2026-05-21 16:44:47.490 [INFO] [Bluetooth] Active probe failed: WinRT async operation timed out after 4000ms
2026-05-21 16:44:47.492 [INFO] [Poll] Lock suppressed by user activity (idle=9s < 30s). Would-be reason: Bluetooth sustained disconnected for 102s
2026-05-21 16:44:51.524 [INFO] [Bluetooth] Active probe failed: WinRT async operation timed out after 4000ms
2026-05-21 16:44:51.528 [INFO] [Poll] Lock suppressed by user activity (idle=2s < 30s). Would-be reason: Bluetooth sustained disconnected for 106s
2026-05-21 16:44:55.561 [INFO] [Bluetooth] Active probe failed: WinRT async operation timed out after 4000ms
2026-05-21 16:44:55.562 [INFO] [Poll] Lock suppressed by user activity (idle=6s < 30s). Would-be reason: Bluetooth sustained disconnected for 110s
2026-05-21 16:44:59.612 [INFO] [Bluetooth] Active probe failed: WinRT async operation timed out after 4000ms
2026-05-21 16:44:59.615 [INFO] [Poll] Lock suppressed by user activity (idle=10s < 30s). Would-be reason: Bluetooth sustained disconnected for 114s
2026-05-21 16:45:01.308 [INFO] [Poll] Active probe restored connection
2026-05-21 16:45:05.372 [INFO] [Bluetooth] Active probe failed: WinRT async operation timed out after 4000ms
2026-05-21 16:45:09.400 [INFO] [Bluetooth] Active probe failed: WinRT async operation timed out after 4000ms
2026-05-21 16:45:13.442 [INFO] [Bluetooth] Active probe failed: WinRT async operation timed out after 4000ms
2026-05-21 16:45:17.487 [INFO] [Bluetooth] Active probe failed: WinRT async operation timed out after 4000ms
2026-05-21 16:45:21.538 [INFO] [Bluetooth] Active probe failed: WinRT async operation timed out after 4000ms
2026-05-21 16:45:25.584 [INFO] [Bluetooth] Active probe failed: WinRT async operation timed out after 4000ms
2026-05-21 16:45:29.612 [INFO] [Bluetooth] Active probe failed: WinRT async operation timed out after 4000ms
2026-05-21 16:45:33.654 [INFO] [Bluetooth] Active probe failed: WinRT async operation timed out after 4000ms
2026-05-21 16:45:33.656 [INFO] [State] Monitoring -> Countdown
2026-05-21 16:45:33.660 [INFO] [Countdown] Starting 10s countdown. Reason: Bluetooth sustained disconnected for 28s
2026-05-21 16:45:38.678 [INFO] [Bluetooth] Active probe failed: WinRT async operation timed out after 4000ms
2026-05-21 16:45:42.726 [INFO] [Bluetooth] Active probe failed: WinRT async operation timed out after 4000ms
2026-05-21 16:45:46.760 [INFO] [Bluetooth] Active probe failed: WinRT async operation timed out after 4000ms
2026-05-21 16:45:50.796 [INFO] [Bluetooth] Active probe failed: WinRT async operation timed out after 4000ms
2026-05-21 16:45:54.836 [INFO] [Bluetooth] Active probe failed: WinRT async operation timed out after 4000ms
2026-05-21 16:45:58.863 [INFO] [Bluetooth] Active probe failed: WinRT async operation timed out after 4000ms
2026-05-21 16:46:01.324 [WARN] [Countdown] Device reconnected/signal recovered during countdown; cancelling lock
2026-05-21 16:46:01.325 [INFO] [State] Countdown -> Monitoring
2026-05-21 16:46:02.278 [INFO] [Poll] Active probe restored connection
2026-05-21 16:46:06.942 [INFO] [Poll] Active probe restored connection
2026-05-21 16:46:14.354 [INFO] [Poll] Active probe restored connection
2026-05-21 16:46:18.522 [INFO] [Poll] Active probe restored connection
2026-05-21 16:46:26.268 [INFO] [Bluetooth] Active probe failed: WinRT async operation timed out after 4000ms
2026-05-21 16:46:27.201 [INFO] [Poll] Active probe restored connection
2026-05-21 16:46:32.272 [INFO] [Bluetooth] Active probe failed: WinRT async operation timed out after 4000ms
2026-05-21 16:46:36.322 [INFO] [Bluetooth] Active probe failed: WinRT async operation timed out after 4000ms
2026-05-21 16:46:40.359 [INFO] [Bluetooth] Active probe failed: WinRT async operation timed out after 4000ms
2026-05-21 16:46:44.403 [INFO] [Bluetooth] Active probe failed: WinRT async operation timed out after 4000ms
2026-05-21 16:46:48.439 [INFO] [Bluetooth] Active probe failed: WinRT async operation timed out after 4000ms
2026-05-21 16:46:52.470 [INFO] [Bluetooth] Active probe failed: WinRT async operation timed out after 4000ms
2026-05-21 16:46:55.406 [INFO] [Poll] Active probe restored connection
2026-05-21 16:47:02.274 [INFO] [Bluetooth] Active probe failed: WinRT async operation timed out after 4000ms
2026-05-21 16:47:06.303 [INFO] [Bluetooth] Active probe failed: WinRT async operation timed out after 4000ms
2026-05-21 16:47:10.341 [INFO] [Bluetooth] Active probe failed: WinRT async operation timed out after 4000ms
2026-05-21 16:47:14.390 [INFO] [Bluetooth] Active probe failed: WinRT async operation timed out after 4000ms
2026-05-21 16:47:18.432 [INFO] [Bluetooth] Active probe failed: WinRT async operation timed out after 4000ms
2026-05-21 16:47:22.466 [INFO] [Bluetooth] Active probe failed: WinRT async operation timed out after 4000ms
2026-05-21 16:47:26.514 [INFO] [Bluetooth] Active probe failed: WinRT async operation timed out after 4000ms
2026-05-21 16:47:30.536 [INFO] [Bluetooth] Active probe failed: WinRT async operation timed out after 4000ms
2026-05-21 16:47:30.539 [INFO] [Poll] Lock suppressed by user activity (idle=1s < 30s). Would-be reason: Bluetooth sustained disconnected for 28s
2026-05-21 16:47:34.564 [INFO] [Bluetooth] Active probe failed: WinRT async operation timed out after 4000ms
2026-05-21 16:47:34.566 [INFO] [Poll] Lock suppressed by user activity (idle=1s < 30s). Would-be reason: Bluetooth sustained disconnected for 32s
2026-05-21 16:47:38.607 [INFO] [Bluetooth] Active probe failed: WinRT async operation timed out after 4000ms
2026-05-21 16:47:38.609 [INFO] [Poll] Lock suppressed by user activity (idle=5s < 30s). Would-be reason: Bluetooth sustained disconnected for 36s
2026-05-21 16:47:42.659 [INFO] [Bluetooth] Active probe failed: WinRT async operation timed out after 4000ms
2026-05-21 16:47:42.660 [INFO] [Poll] Lock suppressed by user activity (idle=2s < 30s). Would-be reason: Bluetooth sustained disconnected for 40s
2026-05-21 16:47:46.705 [INFO] [Bluetooth] Active probe failed: WinRT async operation timed out after 4000ms
2026-05-21 16:47:46.708 [INFO] [Poll] Lock suppressed by user activity (idle=6s < 30s). Would-be reason: Bluetooth sustained disconnected for 44s
2026-05-21 16:47:50.754 [INFO] [Bluetooth] Active probe failed: WinRT async operation timed out after 4000ms
2026-05-21 16:47:50.757 [INFO] [Poll] Lock suppressed by user activity (idle=10s < 30s). Would-be reason: Bluetooth sustained disconnected for 48s
2026-05-21 16:47:54.798 [INFO] [Bluetooth] Active probe failed: WinRT async operation timed out after 4000ms
2026-05-21 16:47:54.800 [INFO] [Poll] Lock suppressed by user activity (idle=14s < 30s). Would-be reason: Bluetooth sustained disconnected for 53s
2026-05-21 16:47:58.302 [INFO] [Poll] Active probe restored connection
2026-05-21 16:48:00.587 [INFO] [Poll] Active probe restored connection
2026-05-21 16:48:08.264 [INFO] [Bluetooth] Active probe failed: WinRT async operation timed out after 4000ms
2026-05-21 16:48:12.316 [INFO] [Bluetooth] Active probe failed: WinRT async operation timed out after 4000ms
2026-05-21 16:48:16.351 [INFO] [Bluetooth] Active probe failed: WinRT async operation timed out after 4000ms
2026-05-21 16:48:20.387 [INFO] [Bluetooth] Active probe failed: WinRT async operation timed out after 4000ms
2026-05-21 16:48:24.412 [INFO] [Bluetooth] Active probe failed: WinRT async operation timed out after 4000ms
2026-05-21 16:48:28.461 [INFO] [Bluetooth] Active probe failed: WinRT async operation timed out after 4000ms
2026-05-21 16:48:32.504 [INFO] [Bluetooth] Active probe failed: WinRT async operation timed out after 4000ms
2026-05-21 16:48:36.540 [INFO] [Bluetooth] Active probe failed: WinRT async operation timed out after 4000ms
2026-05-21 16:48:36.542 [INFO] [Poll] Lock suppressed by user activity (idle=23s < 30s). Would-be reason: Bluetooth sustained disconnected for 28s
2026-05-21 16:48:40.587 [INFO] [Bluetooth] Active probe failed: WinRT async operation timed out after 4000ms
2026-05-21 16:48:40.589 [INFO] [Poll] Lock suppressed by user activity (idle=27s < 30s). Would-be reason: Bluetooth sustained disconnected for 32s
2026-05-21 16:48:44.616 [INFO] [Bluetooth] Active probe failed: WinRT async operation timed out after 4000ms
2026-05-21 16:48:44.617 [INFO] [State] Monitoring -> Countdown
2026-05-21 16:48:44.622 [INFO] [Countdown] Starting 10s countdown. Reason: Bluetooth sustained disconnected for 36s
2026-05-21 16:48:49.659 [INFO] [Bluetooth] Active probe failed: WinRT async operation timed out after 4000ms
2026-05-21 16:48:53.684 [INFO] [Bluetooth] Active probe failed: WinRT async operation timed out after 4000ms
2026-05-21 16:48:53.694 [WARN] [Countdown] User activity during countdown (idle=0s); cancelling lock
2026-05-21 16:48:53.695 [INFO] [State] Countdown -> Monitoring
2026-05-21 16:48:57.762 [INFO] [Bluetooth] Active probe failed: WinRT async operation timed out after 4000ms
2026-05-21 16:48:57.765 [INFO] [Poll] Lock suppressed by user activity (idle=1s < 30s). Would-be reason: Bluetooth sustained disconnected for 49s
2026-05-21 16:49:01.810 [INFO] [Bluetooth] Active probe failed: WinRT async operation timed out after 4000ms
2026-05-21 16:49:01.812 [INFO] [Poll] Lock suppressed by user activity (idle=5s < 30s). Would-be reason: Bluetooth sustained disconnected for 54s
2026-05-21 16:49:04.304 [INFO] [Poll] Active probe restored connection
2026-05-21 16:49:07.458 [INFO] [Poll] Active probe restored connection
2026-05-21 16:49:14.265 [INFO] [Bluetooth] Active probe failed: WinRT async operation timed out after 4000ms
2026-05-21 16:49:14.999 [INFO] [Poll] Active probe restored connection
2026-05-21 16:49:20.262 [INFO] [Bluetooth] Active probe failed: WinRT async operation timed out after 4000ms
2026-05-21 16:49:24.314 [INFO] [Bluetooth] Active probe failed: WinRT async operation timed out after 4000ms
2026-05-21 16:49:28.359 [INFO] [Bluetooth] Active probe failed: WinRT async operation timed out after 4000ms
2026-05-21 16:49:32.407 [INFO] [Bluetooth] Active probe failed: WinRT async operation timed out after 4000ms
2026-05-21 16:49:36.445 [INFO] [Bluetooth] Active probe failed: WinRT async operation timed out after 4000ms
2026-05-21 16:49:40.493 [INFO] [Bluetooth] Active probe failed: WinRT async operation timed out after 4000ms
2026-05-21 16:49:40.494 [INFO] [Session] SessionLock detected
2026-05-21 16:49:40.495 [INFO] [App] Workstation locked (by us or otherwise)
2026-05-21 16:49:40.496 [INFO] [State] Monitoring -> Locked
2026-05-21 16:50:03.483 [INFO] [Session] SessionUnlock detected
2026-05-21 16:50:03.486 [INFO] [App] Workstation unlocked
2026-05-21 16:50:03.489 [INFO] [App] Grace period armed: 30s (until 16:50:33). Reason: workstation unlocked
2026-05-21 16:50:03.493 [INFO] [State] Locked -> Monitoring
2026-05-21 16:50:07.654 [INFO] [Bluetooth] Active probe failed: WinRT async operation timed out after 4000ms
2026-05-21 16:50:11.703 [INFO] [Bluetooth] Active probe failed: WinRT async operation timed out after 4000ms
2026-05-21 16:50:15.747 [INFO] [Bluetooth] Active probe failed: WinRT async operation timed out after 4000ms
2026-05-21 16:50:19.793 [INFO] [Bluetooth] Active probe failed: WinRT async operation timed out after 4000ms
2026-05-21 16:50:23.847 [INFO] [Bluetooth] Active probe failed: WinRT async operation timed out after 4000ms
2026-05-21 16:50:27.876 [INFO] [Bluetooth] Active probe failed: WinRT async operation timed out after 4000ms
2026-05-21 16:50:31.927 [INFO] [Bluetooth] Active probe failed: WinRT async operation timed out after 4000ms
2026-05-21 16:50:35.978 [INFO] [Bluetooth] Active probe failed: WinRT async operation timed out after 4000ms
2026-05-21 16:50:35.981 [INFO] [State] Monitoring -> Countdown
2026-05-21 16:50:35.987 [INFO] [Countdown] Starting 10s countdown. Reason: Bluetooth sustained disconnected for 28s
2026-05-21 16:50:41.009 [INFO] [Bluetooth] Active probe failed: WinRT async operation timed out after 4000ms
2026-05-21 16:50:45.042 [INFO] [Bluetooth] Active probe failed: WinRT async operation timed out after 4000ms
2026-05-21 16:50:49.087 [INFO] [Bluetooth] Active probe failed: WinRT async operation timed out after 4000ms
2026-05-21 16:50:53.111 [INFO] [Bluetooth] Active probe failed: WinRT async operation timed out after 4000ms
2026-05-21 16:50:57.142 [INFO] [Bluetooth] Active probe failed: WinRT async operation timed out after 4000ms
2026-05-21 16:51:01.183 [INFO] [Bluetooth] Active probe failed: WinRT async operation timed out after 4000ms
2026-05-21 16:51:03.687 [WARN] [Countdown] Device reconnected/signal recovered during countdown; cancelling lock
2026-05-21 16:51:03.687 [INFO] [State] Countdown -> Monitoring
2026-05-21 16:51:06.353 [INFO] [Poll] Active probe restored connection
2026-05-21 16:51:11.415 [INFO] [Poll] Active probe restored connection
2026-05-21 16:51:17.268 [INFO] [Bluetooth] Active probe failed: WinRT async operation timed out after 4000ms
2026-05-21 16:51:21.311 [INFO] [Bluetooth] Active probe failed: WinRT async operation timed out after 4000ms
2026-05-21 16:51:25.372 [INFO] [Bluetooth] Active probe failed: WinRT async operation timed out after 4000ms
2026-05-21 16:51:29.424 [INFO] [Bluetooth] Active probe failed: WinRT async operation timed out after 4000ms
2026-05-21 16:51:33.472 [INFO] [Bluetooth] Active probe failed: WinRT async operation timed out after 4000ms
2026-05-21 16:51:37.520 [INFO] [Bluetooth] Active probe failed: WinRT async operation timed out after 4000ms
2026-05-21 16:51:41.563 [INFO] [Bluetooth] Active probe failed: WinRT async operation timed out after 4000ms
2026-05-21 16:51:45.085 [INFO] [Poll] Active probe restored connection
2026-05-21 16:51:50.258 [INFO] [Bluetooth] Active probe failed: WinRT async operation timed out after 4000ms
2026-05-21 16:51:54.301 [INFO] [Bluetooth] Active probe failed: WinRT async operation timed out after 4000ms
2026-05-21 16:51:58.348 [INFO] [Bluetooth] Active probe failed: WinRT async operation timed out after 4000ms
2026-05-21 16:52:02.381 [INFO] [Bluetooth] Active probe failed: WinRT async operation timed out after 4000ms
2026-05-21 16:52:05.372 [INFO] [Poll] Active probe restored connection
2026-05-21 16:52:09.441 [INFO] [Bluetooth] Active probe failed: WinRT async operation timed out after 4000ms
2026-05-21 16:52:13.486 [INFO] [Bluetooth] Active probe failed: WinRT async operation timed out after 4000ms
2026-05-21 16:52:17.535 [INFO] [Bluetooth] Active probe failed: WinRT async operation timed out after 4000ms
2026-05-21 16:52:21.573 [INFO] [Bluetooth] Active probe failed: WinRT async operation timed out after 4000ms
2026-05-21 16:52:25.617 [INFO] [Bluetooth] Active probe failed: WinRT async operation timed out after 4000ms
2026-05-21 16:52:29.657 [INFO] [Bluetooth] Active probe failed: WinRT async operation timed out after 4000ms
2026-05-21 16:52:33.715 [INFO] [Bluetooth] Active probe failed: WinRT async operation timed out after 4000ms
2026-05-21 16:52:37.764 [INFO] [Bluetooth] Active probe failed: WinRT async operation timed out after 4000ms
2026-05-21 16:52:37.766 [INFO] [Poll] Lock suppressed by user activity (idle=0s < 30s). Would-be reason: Bluetooth sustained disconnected for 28s
2026-05-21 16:52:41.812 [INFO] [Bluetooth] Active probe failed: WinRT async operation timed out after 4000ms
2026-05-21 16:52:41.814 [INFO] [Poll] Lock suppressed by user activity (idle=0s < 30s). Would-be reason: Bluetooth sustained disconnected for 32s
2026-05-21 16:52:45.858 [INFO] [Bluetooth] Active probe failed: WinRT async operation timed out after 4000ms
2026-05-21 16:52:45.859 [INFO] [Poll] Lock suppressed by user activity (idle=0s < 30s). Would-be reason: Bluetooth sustained disconnected for 36s
2026-05-21 16:52:49.920 [INFO] [Bluetooth] Active probe failed: WinRT async operation timed out after 4000ms
2026-05-21 16:52:49.922 [INFO] [Poll] Lock suppressed by user activity (idle=0s < 30s). Would-be reason: Bluetooth sustained disconnected for 40s
2026-05-21 16:52:53.967 [INFO] [Bluetooth] Active probe failed: WinRT async operation timed out after 4000ms
2026-05-21 16:52:53.969 [INFO] [Poll] Lock suppressed by user activity (idle=0s < 30s). Would-be reason: Bluetooth sustained disconnected for 45s
2026-05-21 16:52:58.016 [INFO] [Bluetooth] Active probe failed: WinRT async operation timed out after 4000ms
2026-05-21 16:52:58.017 [INFO] [Poll] Lock suppressed by user activity (idle=0s < 30s). Would-be reason: Bluetooth sustained disconnected for 49s
2026-05-21 16:53:02.056 [INFO] [Bluetooth] Active probe failed: WinRT async operation timed out after 4000ms
2026-05-21 16:53:02.058 [INFO] [Poll] Lock suppressed by user activity (idle=1s < 30s). Would-be reason: Bluetooth sustained disconnected for 53s
2026-05-21 16:53:06.113 [INFO] [Bluetooth] Active probe failed: WinRT async operation timed out after 4000ms
2026-05-21 16:53:06.115 [INFO] [Poll] Lock suppressed by user activity (idle=0s < 30s). Would-be reason: Bluetooth sustained disconnected for 57s
2026-05-21 16:53:10.158 [INFO] [Bluetooth] Active probe failed: WinRT async operation timed out after 4000ms
2026-05-21 16:53:10.161 [INFO] [Poll] Lock suppressed by user activity (idle=3s < 30s). Would-be reason: Bluetooth sustained disconnected for 61s
2026-05-21 16:53:14.205 [INFO] [Bluetooth] Active probe failed: WinRT async operation timed out after 4000ms
2026-05-21 16:53:14.207 [INFO] [Poll] Lock suppressed by user activity (idle=0s < 30s). Would-be reason: Bluetooth sustained disconnected for 65s
2026-05-21 16:53:16.305 [INFO] [Poll] Active probe restored connection
2026-05-21 16:53:20.385 [INFO] [Bluetooth] Active probe failed: WinRT async operation timed out after 4000ms
2026-05-21 16:53:21.943 [INFO] [Poll] Active probe restored connection
2026-05-21 16:53:26.013 [INFO] [Bluetooth] Active probe failed: WinRT async operation timed out after 4000ms
2026-05-21 16:53:30.061 [INFO] [Bluetooth] Active probe failed: WinRT async operation timed out after 4000ms
2026-05-21 16:53:34.106 [INFO] [Bluetooth] Active probe failed: WinRT async operation timed out after 4000ms
2026-05-21 16:53:38.157 [INFO] [Bluetooth] Active probe failed: WinRT async operation timed out after 4000ms
2026-05-21 16:53:42.200 [INFO] [Bluetooth] Active probe failed: WinRT async operation timed out after 4000ms
2026-05-21 16:53:46.252 [INFO] [Bluetooth] Active probe failed: WinRT async operation timed out after 4000ms
2026-05-21 16:53:50.297 [INFO] [Bluetooth] Active probe failed: WinRT async operation timed out after 4000ms
2026-05-21 16:53:57.982 [INFO] [Poll] Active probe restored connection
2026-05-21 16:54:03.171 [INFO] [Poll] Active probe restored connection
2026-05-21 16:54:05.393 [INFO] [Poll] Active probe restored connection
2026-05-21 16:54:07.941 [INFO] [Poll] Active probe restored connection
2026-05-21 16:54:14.342 [INFO] [Poll] Active probe restored connection
2026-05-21 16:54:16.988 [INFO] [Poll] Active probe restored connection
2026-05-21 16:54:23.290 [INFO] [Bluetooth] Active probe failed: WinRT async operation timed out after 4000ms
2026-05-21 16:54:27.341 [INFO] [Bluetooth] Active probe failed: WinRT async operation timed out after 4000ms
2026-05-21 16:54:31.399 [INFO] [Bluetooth] Active probe failed: WinRT async operation timed out after 4000ms
2026-05-21 16:54:35.460 [INFO] [Bluetooth] Active probe failed: WinRT async operation timed out after 4000ms
2026-05-21 16:54:39.491 [INFO] [Bluetooth] Active probe failed: WinRT async operation timed out after 4000ms
2026-05-21 16:54:43.530 [INFO] [Bluetooth] Active probe failed: WinRT async operation timed out after 4000ms
2026-05-21 16:54:47.573 [INFO] [Bluetooth] Active probe failed: WinRT async operation timed out after 4000ms
2026-05-21 16:54:51.609 [INFO] [Bluetooth] Active probe failed: WinRT async operation timed out after 4000ms
2026-05-21 16:54:51.611 [INFO] [Poll] Lock suppressed by user activity (idle=0s < 30s). Would-be reason: Bluetooth sustained disconnected for 28s
2026-05-21 16:54:55.651 [INFO] [Bluetooth] Active probe failed: WinRT async operation timed out after 4000ms
2026-05-21 16:54:55.653 [INFO] [Poll] Lock suppressed by user activity (idle=0s < 30s). Would-be reason: Bluetooth sustained disconnected for 32s
2026-05-21 16:54:59.705 [INFO] [Bluetooth] Active probe failed: WinRT async operation timed out after 4000ms
2026-05-21 16:54:59.706 [INFO] [Poll] Lock suppressed by user activity (idle=0s < 30s). Would-be reason: Bluetooth sustained disconnected for 36s
2026-05-21 16:55:03.753 [INFO] [Bluetooth] Active probe failed: WinRT async operation timed out after 4000ms
2026-05-21 16:55:03.754 [INFO] [Poll] Lock suppressed by user activity (idle=0s < 30s). Would-be reason: Bluetooth sustained disconnected for 40s
2026-05-21 16:55:07.799 [INFO] [Bluetooth] Active probe failed: WinRT async operation timed out after 4000ms
2026-05-21 16:55:07.800 [INFO] [Poll] Lock suppressed by user activity (idle=0s < 30s). Would-be reason: Bluetooth sustained disconnected for 45s
2026-05-21 16:55:11.843 [INFO] [Bluetooth] Active probe failed: WinRT async operation timed out after 4000ms
2026-05-21 16:55:11.845 [INFO] [Poll] Lock suppressed by user activity (idle=0s < 30s). Would-be reason: Bluetooth sustained disconnected for 49s
2026-05-21 16:55:15.893 [INFO] [Bluetooth] Active probe failed: WinRT async operation timed out after 4000ms
2026-05-21 16:55:15.895 [INFO] [Poll] Lock suppressed by user activity (idle=1s < 30s). Would-be reason: Bluetooth sustained disconnected for 53s
2026-05-21 16:55:19.315 [INFO] [Poll] Active probe restored connection
2026-05-21 16:55:21.361 [INFO] [Poll] Active probe restored connection
2026-05-21 16:55:29.261 [INFO] [Bluetooth] Active probe failed: WinRT async operation timed out after 4000ms
2026-05-21 16:55:33.302 [INFO] [Bluetooth] Active probe failed: WinRT async operation timed out after 4000ms
2026-05-21 16:55:37.345 [INFO] [Bluetooth] Active probe failed: WinRT async operation timed out after 4000ms
2026-05-21 16:55:41.392 [INFO] [Bluetooth] Active probe failed: WinRT async operation timed out after 4000ms
2026-05-21 16:55:45.441 [INFO] [Bluetooth] Active probe failed: WinRT async operation timed out after 4000ms
2026-05-21 16:55:49.477 [INFO] [Bluetooth] Active probe failed: WinRT async operation timed out after 4000ms
2026-05-21 16:55:53.524 [INFO] [Bluetooth] Active probe failed: WinRT async operation timed out after 4000ms
2026-05-21 16:55:57.570 [INFO] [Bluetooth] Active probe failed: WinRT async operation timed out after 4000ms
2026-05-21 16:55:57.571 [INFO] [Poll] Lock suppressed by user activity (idle=0s < 30s). Would-be reason: Bluetooth sustained disconnected for 28s
2026-05-21 16:56:01.617 [INFO] [Bluetooth] Active probe failed: WinRT async operation timed out after 4000ms
2026-05-21 16:56:01.619 [INFO] [Poll] Lock suppressed by user activity (idle=0s < 30s). Would-be reason: Bluetooth sustained disconnected for 32s
2026-05-21 16:56:05.653 [INFO] [Bluetooth] Active probe failed: WinRT async operation timed out after 4000ms
2026-05-21 16:56:05.657 [INFO] [Poll] Lock suppressed by user activity (idle=0s < 30s). Would-be reason: Bluetooth sustained disconnected for 36s
2026-05-21 16:56:09.701 [INFO] [Bluetooth] Active probe failed: WinRT async operation timed out after 4000ms
2026-05-21 16:56:09.703 [INFO] [Poll] Lock suppressed by user activity (idle=0s < 30s). Would-be reason: Bluetooth sustained disconnected for 40s
2026-05-21 16:56:13.754 [INFO] [Bluetooth] Active probe failed: WinRT async operation timed out after 4000ms
2026-05-21 16:56:13.756 [INFO] [Poll] Lock suppressed by user activity (idle=0s < 30s). Would-be reason: Bluetooth sustained disconnected for 44s
2026-05-21 16:56:17.795 [INFO] [Bluetooth] Active probe failed: WinRT async operation timed out after 4000ms
2026-05-21 16:56:17.796 [INFO] [Poll] Lock suppressed by user activity (idle=0s < 30s). Would-be reason: Bluetooth sustained disconnected for 49s
2026-05-21 16:56:21.842 [INFO] [Bluetooth] Active probe failed: WinRT async operation timed out after 4000ms
2026-05-21 16:56:21.843 [INFO] [Poll] Lock suppressed by user activity (idle=0s < 30s). Would-be reason: Bluetooth sustained disconnected for 53s
2026-05-21 16:56:25.304 [INFO] [Poll] Active probe restored connection
2026-05-21 16:56:29.375 [INFO] [Bluetooth] Active probe failed: WinRT async operation timed out after 4000ms
2026-05-21 16:56:33.409 [INFO] [Bluetooth] Active probe failed: WinRT async operation timed out after 4000ms
2026-05-21 16:56:37.458 [INFO] [Bluetooth] Active probe failed: WinRT async operation timed out after 4000ms
2026-05-21 16:56:41.519 [INFO] [Bluetooth] Active probe failed: WinRT async operation timed out after 4000ms
2026-05-21 16:56:45.559 [INFO] [Bluetooth] Active probe failed: WinRT async operation timed out after 4000ms
2026-05-21 16:56:49.598 [INFO] [Bluetooth] Active probe failed: WinRT async operation timed out after 4000ms
2026-05-21 16:56:53.647 [INFO] [Bluetooth] Active probe failed: WinRT async operation timed out after 4000ms
2026-05-21 16:56:57.684 [INFO] [Bluetooth] Active probe failed: WinRT async operation timed out after 4000ms
2026-05-21 16:56:57.686 [INFO] [Poll] Lock suppressed by user activity (idle=0s < 30s). Would-be reason: Bluetooth sustained disconnected for 28s
2026-05-21 16:57:01.747 [INFO] [Bluetooth] Active probe failed: WinRT async operation timed out after 4000ms
2026-05-21 16:57:01.749 [INFO] [Poll] Lock suppressed by user activity (idle=0s < 30s). Would-be reason: Bluetooth sustained disconnected for 32s
2026-05-21 16:57:05.794 [INFO] [Bluetooth] Active probe failed: WinRT async operation timed out after 4000ms
2026-05-21 16:57:05.795 [INFO] [Poll] Lock suppressed by user activity (idle=0s < 30s). Would-be reason: Bluetooth sustained disconnected for 36s
2026-05-21 16:57:09.833 [INFO] [Bluetooth] Active probe failed: WinRT async operation timed out after 4000ms
2026-05-21 16:57:09.835 [INFO] [Poll] Lock suppressed by user activity (idle=0s < 30s). Would-be reason: Bluetooth sustained disconnected for 40s
2026-05-21 16:57:13.872 [INFO] [Bluetooth] Active probe failed: WinRT async operation timed out after 4000ms
2026-05-21 16:57:13.875 [INFO] [Poll] Lock suppressed by user activity (idle=0s < 30s). Would-be reason: Bluetooth sustained disconnected for 44s
2026-05-21 16:57:17.921 [INFO] [Bluetooth] Active probe failed: WinRT async operation timed out after 4000ms
2026-05-21 16:57:17.922 [INFO] [Poll] Lock suppressed by user activity (idle=0s < 30s). Would-be reason: Bluetooth sustained disconnected for 49s
2026-05-21 16:57:21.964 [INFO] [Bluetooth] Active probe failed: WinRT async operation timed out after 4000ms
2026-05-21 16:57:21.966 [INFO] [Poll] Lock suppressed by user activity (idle=0s < 30s). Would-be reason: Bluetooth sustained disconnected for 53s
2026-05-21 16:57:26.020 [INFO] [Bluetooth] Active probe failed: WinRT async operation timed out after 4000ms
2026-05-21 16:57:26.022 [INFO] [Poll] Lock suppressed by user activity (idle=0s < 30s). Would-be reason: Bluetooth sustained disconnected for 57s
2026-05-21 16:57:30.097 [INFO] [Bluetooth] Active probe failed: WinRT async operation timed out after 4000ms
2026-05-21 16:57:30.099 [INFO] [Poll] Lock suppressed by user activity (idle=0s < 30s). Would-be reason: Bluetooth sustained disconnected for 61s
2026-05-21 16:57:41.267 [INFO] [Bluetooth] Active probe failed: WinRT async operation timed out after 4000ms
2026-05-21 16:57:41.706 [INFO] [Poll] Active probe restored connection
2026-05-21 16:57:47.251 [INFO] [Bluetooth] Active probe failed: WinRT async operation timed out after 4000ms
2026-05-21 16:57:51.297 [INFO] [Bluetooth] Active probe failed: WinRT async operation timed out after 4000ms
2026-05-21 16:57:55.352 [INFO] [Bluetooth] Active probe failed: WinRT async operation timed out after 4000ms
2026-05-21 16:57:59.403 [INFO] [Bluetooth] Active probe failed: WinRT async operation timed out after 4000ms
2026-05-21 16:58:03.450 [INFO] [Bluetooth] Active probe failed: WinRT async operation timed out after 4000ms
2026-05-21 16:58:07.497 [INFO] [Bluetooth] Active probe failed: WinRT async operation timed out after 4000ms
2026-05-21 16:58:11.540 [INFO] [Bluetooth] Active probe failed: WinRT async operation timed out after 4000ms
2026-05-21 16:58:15.571 [INFO] [Bluetooth] Active probe failed: WinRT async operation timed out after 4000ms
2026-05-21 16:58:15.572 [INFO] [Poll] Lock suppressed by user activity (idle=1s < 30s). Would-be reason: Bluetooth sustained disconnected for 28s
2026-05-21 16:58:19.612 [INFO] [Bluetooth] Active probe failed: WinRT async operation timed out after 4000ms
2026-05-21 16:58:19.613 [INFO] [Poll] Lock suppressed by user activity (idle=2s < 30s). Would-be reason: Bluetooth sustained disconnected for 32s
2026-05-21 16:58:23.648 [INFO] [Bluetooth] Active probe failed: WinRT async operation timed out after 4000ms
2026-05-21 16:58:23.649 [INFO] [Poll] Lock suppressed by user activity (idle=0s < 30s). Would-be reason: Bluetooth sustained disconnected for 36s
2026-05-21 16:58:27.681 [INFO] [Bluetooth] Active probe failed: WinRT async operation timed out after 4000ms
2026-05-21 16:58:27.683 [INFO] [Poll] Lock suppressed by user activity (idle=0s < 30s). Would-be reason: Bluetooth sustained disconnected for 40s
2026-05-21 16:58:31.740 [INFO] [Bluetooth] Active probe failed: WinRT async operation timed out after 4000ms
2026-05-21 16:58:31.744 [INFO] [Poll] Lock suppressed by user activity (idle=1s < 30s). Would-be reason: Bluetooth sustained disconnected for 44s
2026-05-21 16:58:35.777 [INFO] [Bluetooth] Active probe failed: WinRT async operation timed out after 4000ms
2026-05-21 16:58:35.778 [INFO] [Poll] Lock suppressed by user activity (idle=0s < 30s). Would-be reason: Bluetooth sustained disconnected for 49s
2026-05-21 16:58:39.827 [INFO] [Bluetooth] Active probe failed: WinRT async operation timed out after 4000ms
2026-05-21 16:58:39.829 [INFO] [Poll] Lock suppressed by user activity (idle=0s < 30s). Would-be reason: Bluetooth sustained disconnected for 53s
2026-05-21 16:58:43.881 [INFO] [Bluetooth] Active probe failed: WinRT async operation timed out after 4000ms
2026-05-21 16:58:43.882 [INFO] [Poll] Lock suppressed by user activity (idle=0s < 30s). Would-be reason: Bluetooth sustained disconnected for 57s
2026-05-21 16:58:47.921 [INFO] [Bluetooth] Active probe failed: WinRT async operation timed out after 4000ms
2026-05-21 16:58:47.924 [INFO] [Poll] Lock suppressed by user activity (idle=0s < 30s). Would-be reason: Bluetooth sustained disconnected for 61s
2026-05-21 16:58:51.974 [INFO] [Bluetooth] Active probe failed: WinRT async operation timed out after 4000ms
2026-05-21 16:58:51.975 [INFO] [Poll] Lock suppressed by user activity (idle=0s < 30s). Would-be reason: Bluetooth sustained disconnected for 65s
2026-05-21 16:58:56.014 [INFO] [Bluetooth] Active probe failed: WinRT async operation timed out after 4000ms
2026-05-21 16:58:56.016 [INFO] [Poll] Lock suppressed by user activity (idle=0s < 30s). Would-be reason: Bluetooth sustained disconnected for 69s
2026-05-21 16:59:00.054 [INFO] [Bluetooth] Active probe failed: WinRT async operation timed out after 4000ms
2026-05-21 16:59:00.056 [INFO] [Poll] Lock suppressed by user activity (idle=0s < 30s). Would-be reason: Bluetooth sustained disconnected for 73s
2026-05-21 16:59:04.102 [INFO] [Bluetooth] Active probe failed: WinRT async operation timed out after 4000ms
2026-05-21 16:59:04.103 [INFO] [Poll] Lock suppressed by user activity (idle=3s < 30s). Would-be reason: Bluetooth sustained disconnected for 77s
2026-05-21 16:59:07.319 [INFO] [Poll] Active probe restored connection
2026-05-21 16:59:11.403 [INFO] [Bluetooth] Active probe failed: WinRT async operation timed out after 4000ms
2026-05-21 16:59:14.103 [INFO] [Poll] Active probe restored connection
2026-05-21 16:59:20.272 [INFO] [Bluetooth] Active probe failed: WinRT async operation timed out after 4000ms
2026-05-21 16:59:24.315 [INFO] [Bluetooth] Active probe failed: WinRT async operation timed out after 4000ms
2026-05-21 16:59:28.367 [INFO] [Bluetooth] Active probe failed: WinRT async operation timed out after 4000ms
2026-05-21 16:59:32.420 [INFO] [Bluetooth] Active probe failed: WinRT async operation timed out after 4000ms
2026-05-21 16:59:36.471 [INFO] [Bluetooth] Active probe failed: WinRT async operation timed out after 4000ms
2026-05-21 16:59:40.542 [INFO] [Bluetooth] Active probe failed: WinRT async operation timed out after 4000ms
2026-05-21 16:59:44.590 [INFO] [Bluetooth] Active probe failed: WinRT async operation timed out after 4000ms
2026-05-21 16:59:48.636 [INFO] [Bluetooth] Active probe failed: WinRT async operation timed out after 4000ms
2026-05-21 16:59:48.639 [INFO] [Poll] Lock suppressed by user activity (idle=0s < 30s). Would-be reason: Bluetooth sustained disconnected for 28s
2026-05-21 16:59:52.698 [INFO] [Bluetooth] Active probe failed: WinRT async operation timed out after 4000ms
2026-05-21 16:59:52.700 [INFO] [Poll] Lock suppressed by user activity (idle=0s < 30s). Would-be reason: Bluetooth sustained disconnected for 32s
2026-05-21 16:59:56.758 [INFO] [Bluetooth] Active probe failed: WinRT async operation timed out after 4000ms
2026-05-21 16:59:56.759 [INFO] [Poll] Lock suppressed by user activity (idle=0s < 30s). Would-be reason: Bluetooth sustained disconnected for 36s
2026-05-21 17:00:00.799 [INFO] [Bluetooth] Active probe failed: WinRT async operation timed out after 4000ms
2026-05-21 17:00:00.800 [INFO] [Poll] Lock suppressed by user activity (idle=0s < 30s). Would-be reason: Bluetooth sustained disconnected for 41s
2026-05-21 17:00:04.845 [INFO] [Bluetooth] Active probe failed: WinRT async operation timed out after 4000ms
2026-05-21 17:00:04.848 [INFO] [Poll] Lock suppressed by user activity (idle=0s < 30s). Would-be reason: Bluetooth sustained disconnected for 45s
2026-05-21 17:00:08.891 [INFO] [Bluetooth] Active probe failed: WinRT async operation timed out after 4000ms
2026-05-21 17:00:08.893 [INFO] [Poll] Lock suppressed by user activity (idle=1s < 30s). Would-be reason: Bluetooth sustained disconnected for 49s
2026-05-21 17:00:12.945 [INFO] [Bluetooth] Active probe failed: WinRT async operation timed out after 4000ms
2026-05-21 17:00:12.947 [INFO] [Poll] Lock suppressed by user activity (idle=0s < 30s). Would-be reason: Bluetooth sustained disconnected for 53s
2026-05-21 17:00:16.322 [INFO] [Poll] Active probe restored connection
2026-05-21 17:00:17.643 [INFO] [Poll] Active probe restored connection
2026-05-21 17:00:20.446 [INFO] [Poll] Active probe restored connection
2026-05-21 17:00:23.069 [INFO] [Poll] Active probe restored connection
2026-05-21 17:00:29.434 [INFO] [Poll] Active probe restored connection
2026-05-21 17:00:36.118 [INFO] [Poll] Active probe restored connection
2026-05-21 17:00:38.282 [INFO] [Poll] Active probe restored connection
2026-05-21 17:00:40.959 [INFO] [Poll] Active probe restored connection
2026-05-21 17:00:45.145 [INFO] [Poll] Active probe restored connection
2026-05-21 17:00:47.274 [INFO] [Poll] Active probe restored connection
2026-05-21 17:00:53.982 [INFO] [Poll] Active probe restored connection
2026-05-21 17:00:56.417 [INFO] [Poll] Active probe restored connection
2026-05-21 17:00:59.080 [INFO] [Poll] Active probe restored connection
2026-05-21 17:01:03.162 [INFO] [Poll] Active probe restored connection
2026-05-21 17:01:05.374 [INFO] [Poll] Active probe restored connection
2026-05-21 17:01:11.262 [INFO] [Bluetooth] Active probe failed: WinRT async operation timed out after 4000ms
2026-05-21 17:01:15.316 [INFO] [Bluetooth] Active probe failed: WinRT async operation timed out after 4000ms
2026-05-21 17:01:19.365 [INFO] [Bluetooth] Active probe failed: WinRT async operation timed out after 4000ms
2026-05-21 17:01:23.419 [INFO] [Bluetooth] Active probe failed: WinRT async operation timed out after 4000ms
2026-05-21 17:01:27.471 [INFO] [Bluetooth] Active probe failed: WinRT async operation timed out after 4000ms
2026-05-21 17:01:31.517 [INFO] [Bluetooth] Active probe failed: WinRT async operation timed out after 4000ms
2026-05-21 17:01:35.563 [INFO] [Bluetooth] Active probe failed: WinRT async operation timed out after 4000ms
2026-05-21 17:01:38.557 [INFO] [Poll] Active probe restored connection
2026-05-21 17:01:40.291 [INFO] [Poll] Active probe restored connection
2026-05-21 17:01:44.200 [INFO] [Poll] Active probe restored connection
2026-05-21 17:01:50.141 [INFO] [Poll] Active probe restored connection
2026-05-21 17:01:56.443 [INFO] [Poll] Active probe restored connection
2026-05-21 17:02:02.797 [INFO] [Poll] Active probe restored connection
2026-05-21 17:02:05.404 [INFO] [Poll] Active probe restored connection
2026-05-21 17:02:07.886 [INFO] [Poll] Active probe restored connection
2026-05-21 17:02:11.904 [INFO] [Poll] Active probe restored connection
2026-05-21 17:02:14.606 [INFO] [Poll] Active probe restored connection
2026-05-21 17:02:20.282 [INFO] [Bluetooth] Active probe failed: WinRT async operation timed out after 4000ms
2026-05-21 17:02:24.327 [INFO] [Bluetooth] Active probe failed: WinRT async operation timed out after 4000ms
2026-05-21 17:02:28.385 [INFO] [Bluetooth] Active probe failed: WinRT async operation timed out after 4000ms
2026-05-21 17:02:32.440 [INFO] [Bluetooth] Active probe failed: WinRT async operation timed out after 4000ms
2026-05-21 17:02:36.479 [INFO] [Bluetooth] Active probe failed: WinRT async operation timed out after 4000ms
2026-05-21 17:02:40.530 [INFO] [Bluetooth] Active probe failed: WinRT async operation timed out after 4000ms
2026-05-21 17:02:44.579 [INFO] [Bluetooth] Active probe failed: WinRT async operation timed out after 4000ms
2026-05-21 17:02:48.631 [INFO] [Bluetooth] Active probe failed: WinRT async operation timed out after 4000ms
2026-05-21 17:02:48.633 [INFO] [Poll] Lock suppressed by user activity (idle=0s < 30s). Would-be reason: Bluetooth sustained disconnected for 28s
2026-05-21 17:02:52.679 [INFO] [Bluetooth] Active probe failed: WinRT async operation timed out after 4000ms
2026-05-21 17:02:52.682 [INFO] [Poll] Lock suppressed by user activity (idle=0s < 30s). Would-be reason: Bluetooth sustained disconnected for 32s
2026-05-21 17:02:56.742 [INFO] [Bluetooth] Active probe failed: WinRT async operation timed out after 4000ms
2026-05-21 17:02:56.745 [INFO] [Poll] Lock suppressed by user activity (idle=0s < 30s). Would-be reason: Bluetooth sustained disconnected for 36s
2026-05-21 17:03:00.804 [INFO] [Bluetooth] Active probe failed: WinRT async operation timed out after 4000ms
2026-05-21 17:03:00.805 [INFO] [Poll] Lock suppressed by user activity (idle=0s < 30s). Would-be reason: Bluetooth sustained disconnected for 41s
2026-05-21 17:03:04.872 [INFO] [Bluetooth] Active probe failed: WinRT async operation timed out after 4000ms
2026-05-21 17:03:04.875 [INFO] [Poll] Lock suppressed by user activity (idle=0s < 30s). Would-be reason: Bluetooth sustained disconnected for 45s
2026-05-21 17:03:08.925 [INFO] [Bluetooth] Active probe failed: WinRT async operation timed out after 4000ms
2026-05-21 17:03:08.926 [INFO] [Poll] Lock suppressed by user activity (idle=0s < 30s). Would-be reason: Bluetooth sustained disconnected for 49s
2026-05-21 17:03:12.968 [INFO] [Bluetooth] Active probe failed: WinRT async operation timed out after 4000ms
2026-05-21 17:03:12.970 [INFO] [Poll] Lock suppressed by user activity (idle=0s < 30s). Would-be reason: Bluetooth sustained disconnected for 53s
2026-05-21 17:03:16.318 [INFO] [Poll] Active probe restored connection
2026-05-21 17:03:20.401 [INFO] [Bluetooth] Active probe failed: WinRT async operation timed out after 4000ms
2026-05-21 17:03:24.458 [INFO] [Bluetooth] Active probe failed: WinRT async operation timed out after 4000ms
2026-05-21 17:03:28.502 [INFO] [Bluetooth] Active probe failed: WinRT async operation timed out after 4000ms
2026-05-21 17:03:32.545 [INFO] [Bluetooth] Active probe failed: WinRT async operation timed out after 4000ms
2026-05-21 17:03:36.599 [INFO] [Bluetooth] Active probe failed: WinRT async operation timed out after 4000ms
2026-05-21 17:03:40.636 [INFO] [Bluetooth] Active probe failed: WinRT async operation timed out after 4000ms
2026-05-21 17:03:44.689 [INFO] [Bluetooth] Active probe failed: WinRT async operation timed out after 4000ms
2026-05-21 17:03:48.731 [INFO] [Bluetooth] Active probe failed: WinRT async operation timed out after 4000ms
2026-05-21 17:03:48.732 [INFO] [Poll] Lock suppressed by user activity (idle=1s < 30s). Would-be reason: Bluetooth sustained disconnected for 28s
2026-05-21 17:03:52.780 [INFO] [Bluetooth] Active probe failed: WinRT async operation timed out after 4000ms
2026-05-21 17:03:52.781 [INFO] [Poll] Lock suppressed by user activity (idle=5s < 30s). Would-be reason: Bluetooth sustained disconnected for 32s
2026-05-21 17:03:56.838 [INFO] [Bluetooth] Active probe failed: WinRT async operation timed out after 4000ms
2026-05-21 17:03:56.839 [INFO] [Poll] Lock suppressed by user activity (idle=0s < 30s). Would-be reason: Bluetooth sustained disconnected for 36s
2026-05-21 17:04:00.875 [INFO] [Bluetooth] Active probe failed: WinRT async operation timed out after 4000ms
2026-05-21 17:04:00.876 [INFO] [Poll] Lock suppressed by user activity (idle=2s < 30s). Would-be reason: Bluetooth sustained disconnected for 40s
2026-05-21 17:04:04.922 [INFO] [Bluetooth] Active probe failed: WinRT async operation timed out after 4000ms
2026-05-21 17:04:04.923 [INFO] [Poll] Lock suppressed by user activity (idle=0s < 30s). Would-be reason: Bluetooth sustained disconnected for 45s
2026-05-21 17:04:08.966 [INFO] [Bluetooth] Active probe failed: WinRT async operation timed out after 4000ms
2026-05-21 17:04:08.967 [INFO] [Poll] Lock suppressed by user activity (idle=0s < 30s). Would-be reason: Bluetooth sustained disconnected for 49s
2026-05-21 17:04:13.012 [INFO] [Bluetooth] Active probe failed: WinRT async operation timed out after 4000ms
2026-05-21 17:04:13.013 [INFO] [Poll] Lock suppressed by user activity (idle=0s < 30s). Would-be reason: Bluetooth sustained disconnected for 53s
2026-05-21 17:04:16.420 [INFO] [Poll] Active probe restored connection
2026-05-21 17:04:17.129 [INFO] [Poll] Active probe restored connection
2026-05-21 17:04:19.766 [INFO] [Poll] Active probe restored connection
2026-05-21 17:04:29.271 [INFO] [Bluetooth] Active probe failed: WinRT async operation timed out after 4000ms
2026-05-21 17:04:33.312 [INFO] [Bluetooth] Active probe failed: WinRT async operation timed out after 4000ms
2026-05-21 17:04:37.372 [INFO] [Bluetooth] Active probe failed: WinRT async operation timed out after 4000ms
2026-05-21 17:04:41.427 [INFO] [Bluetooth] Active probe failed: WinRT async operation timed out after 4000ms
2026-05-21 17:04:45.456 [INFO] [Bluetooth] Active probe failed: WinRT async operation timed out after 4000ms
2026-05-21 17:04:49.486 [INFO] [Bluetooth] Active probe failed: WinRT async operation timed out after 4000ms
2026-05-21 17:04:53.525 [INFO] [Bluetooth] Active probe failed: WinRT async operation timed out after 4000ms
2026-05-21 17:04:57.584 [INFO] [Bluetooth] Active probe failed: WinRT async operation timed out after 4000ms
2026-05-21 17:04:57.585 [INFO] [Poll] Lock suppressed by user activity (idle=0s < 30s). Would-be reason: Bluetooth sustained disconnected for 28s
2026-05-21 17:05:01.620 [INFO] [Bluetooth] Active probe failed: WinRT async operation timed out after 4000ms
2026-05-21 17:05:01.622 [INFO] [Poll] Lock suppressed by user activity (idle=2s < 30s). Would-be reason: Bluetooth sustained disconnected for 32s
2026-05-21 17:05:05.662 [INFO] [Bluetooth] Active probe failed: WinRT async operation timed out after 4000ms
2026-05-21 17:05:05.664 [INFO] [Poll] Lock suppressed by user activity (idle=0s < 30s). Would-be reason: Bluetooth sustained disconnected for 36s
2026-05-21 17:05:09.692 [INFO] [Bluetooth] Active probe failed: WinRT async operation timed out after 4000ms
2026-05-21 17:05:09.693 [INFO] [Poll] Lock suppressed by user activity (idle=0s < 30s). Would-be reason: Bluetooth sustained disconnected for 40s
2026-05-21 17:05:13.730 [INFO] [Bluetooth] Active probe failed: WinRT async operation timed out after 4000ms
2026-05-21 17:05:13.734 [INFO] [Poll] Lock suppressed by user activity (idle=0s < 30s). Would-be reason: Bluetooth sustained disconnected for 44s
2026-05-21 17:05:17.772 [INFO] [Bluetooth] Active probe failed: WinRT async operation timed out after 4000ms
2026-05-21 17:05:17.775 [INFO] [Poll] Lock suppressed by user activity (idle=0s < 30s). Would-be reason: Bluetooth sustained disconnected for 49s
2026-05-21 17:05:21.819 [INFO] [Bluetooth] Active probe failed: WinRT async operation timed out after 4000ms
2026-05-21 17:05:21.821 [INFO] [Poll] Lock suppressed by user activity (idle=0s < 30s). Would-be reason: Bluetooth sustained disconnected for 53s
2026-05-21 17:05:25.307 [INFO] [Poll] Active probe restored connection
2026-05-21 17:05:26.511 [INFO] [Poll] Active probe restored connection
2026-05-21 17:05:28.812 [INFO] [Poll] Active probe restored connection
2026-05-21 17:05:35.290 [INFO] [Bluetooth] Active probe failed: WinRT async operation timed out after 4000ms
2026-05-21 17:05:39.335 [INFO] [Bluetooth] Active probe failed: WinRT async operation timed out after 4000ms
2026-05-21 17:05:43.365 [INFO] [Bluetooth] Active probe failed: WinRT async operation timed out after 4000ms
2026-05-21 17:05:47.407 [INFO] [Bluetooth] Active probe failed: WinRT async operation timed out after 4000ms
2026-05-21 17:05:51.448 [INFO] [Bluetooth] Active probe failed: WinRT async operation timed out after 4000ms
2026-05-21 17:05:55.497 [INFO] [Bluetooth] Active probe failed: WinRT async operation timed out after 4000ms
2026-05-21 17:05:59.538 [INFO] [Bluetooth] Active probe failed: WinRT async operation timed out after 4000ms
2026-05-21 17:06:03.581 [INFO] [Bluetooth] Active probe failed: WinRT async operation timed out after 4000ms
2026-05-21 17:06:03.582 [INFO] [Poll] Lock suppressed by user activity (idle=0s < 30s). Would-be reason: Bluetooth sustained disconnected for 28s
2026-05-21 17:06:07.627 [INFO] [Bluetooth] Active probe failed: WinRT async operation timed out after 4000ms
2026-05-21 17:06:07.630 [INFO] [Poll] Lock suppressed by user activity (idle=0s < 30s). Would-be reason: Bluetooth sustained disconnected for 32s
2026-05-21 17:06:11.678 [INFO] [Bluetooth] Active probe failed: WinRT async operation timed out after 4000ms
2026-05-21 17:06:11.679 [INFO] [Poll] Lock suppressed by user activity (idle=0s < 30s). Would-be reason: Bluetooth sustained disconnected for 36s
2026-05-21 17:06:15.720 [INFO] [Bluetooth] Active probe failed: WinRT async operation timed out after 4000ms
2026-05-21 17:06:15.722 [INFO] [Poll] Lock suppressed by user activity (idle=0s < 30s). Would-be reason: Bluetooth sustained disconnected for 40s
2026-05-21 17:06:19.766 [INFO] [Bluetooth] Active probe failed: WinRT async operation timed out after 4000ms
2026-05-21 17:06:19.775 [INFO] [Poll] Lock suppressed by user activity (idle=0s < 30s). Would-be reason: Bluetooth sustained disconnected for 44s
2026-05-21 17:06:23.824 [INFO] [Bluetooth] Active probe failed: WinRT async operation timed out after 4000ms
2026-05-21 17:06:23.825 [INFO] [Poll] Lock suppressed by user activity (idle=2s < 30s). Would-be reason: Bluetooth sustained disconnected for 49s
2026-05-21 17:06:27.876 [INFO] [Bluetooth] Active probe failed: WinRT async operation timed out after 4000ms
2026-05-21 17:06:27.878 [INFO] [Poll] Lock suppressed by user activity (idle=0s < 30s). Would-be reason: Bluetooth sustained disconnected for 53s
2026-05-21 17:06:31.383 [INFO] [Poll] Active probe restored connection
2026-05-21 17:06:33.064 [INFO] [Poll] Active probe restored connection
2026-05-21 17:06:38.276 [INFO] [Bluetooth] Active probe failed: WinRT async operation timed out after 4000ms
2026-05-21 17:06:42.314 [INFO] [Bluetooth] Active probe failed: WinRT async operation timed out after 4000ms
2026-05-21 17:06:46.376 [INFO] [Bluetooth] Active probe failed: WinRT async operation timed out after 4000ms
2026-05-21 17:06:50.423 [INFO] [Bluetooth] Active probe failed: WinRT async operation timed out after 4000ms
2026-05-21 17:06:54.480 [INFO] [Bluetooth] Active probe failed: WinRT async operation timed out after 4000ms
2026-05-21 17:06:58.589 [INFO] [Bluetooth] Active probe failed: WinRT async operation timed out after 4000ms
2026-05-21 17:07:02.664 [INFO] [Bluetooth] Active probe failed: WinRT async operation timed out after 4000ms
2026-05-21 17:07:06.787 [INFO] [Bluetooth] Active probe failed: WinRT async operation timed out after 4000ms
2026-05-21 17:07:06.792 [INFO] [Poll] Lock suppressed by user activity (idle=26s < 30s). Would-be reason: Bluetooth sustained disconnected for 29s
2026-05-21 17:07:10.901 [INFO] [Bluetooth] Active probe failed: WinRT async operation timed out after 4000ms
2026-05-21 17:07:10.907 [INFO] [State] Monitoring -> Countdown
2026-05-21 17:07:10.922 [INFO] [Countdown] Starting 10s countdown. Reason: Bluetooth sustained disconnected for 33s
2026-05-21 17:07:16.028 [INFO] [Bluetooth] Active probe failed: WinRT async operation timed out after 4000ms
2026-05-21 17:07:20.109 [INFO] [Bluetooth] Active probe failed: WinRT async operation timed out after 4000ms
2026-05-21 17:07:24.174 [INFO] [Bluetooth] Active probe failed: WinRT async operation timed out after 4000ms
2026-05-21 17:07:28.218 [INFO] [Bluetooth] Active probe failed: WinRT async operation timed out after 4000ms
2026-05-21 17:07:32.310 [INFO] [Bluetooth] Active probe failed: WinRT async operation timed out after 4000ms
2026-05-21 17:07:34.362 [WARN] [Countdown] Device reconnected/signal recovered during countdown; cancelling lock
2026-05-21 17:07:34.365 [INFO] [State] Countdown -> Monitoring
2026-05-21 17:07:35.787 [INFO] [Poll] Active probe restored connection
2026-05-21 17:07:38.143 [INFO] [Poll] Active probe restored connection
2026-05-21 17:07:42.401 [INFO] [Poll] Active probe restored connection
2026-05-21 17:07:44.582 [INFO] [Poll] Active probe restored connection
2026-05-21 17:07:47.275 [INFO] [Poll] Active probe restored connection
2026-05-21 17:07:51.234 [INFO] [Poll] Active probe restored connection
2026-05-21 17:07:58.676 [INFO] [Poll] Active probe restored connection
2026-05-21 17:08:02.524 [INFO] [Poll] Active probe restored connection
2026-05-21 17:08:08.920 [INFO] [Poll] Active probe restored connection
2026-05-21 17:08:14.375 [INFO] [Bluetooth] Active probe failed: WinRT async operation timed out after 4000ms
2026-05-21 17:08:20.351 [INFO] [Poll] Active probe restored connection
2026-05-21 17:08:23.671 [INFO] [Poll] Active probe restored connection
2026-05-21 17:08:26.235 [INFO] [Poll] Active probe restored connection
2026-05-21 17:08:31.998 [INFO] [Poll] Active probe restored connection
2026-05-21 17:08:35.827 [INFO] [Poll] Active probe restored connection
2026-05-21 17:08:38.339 [INFO] [Poll] Active probe restored connection
2026-05-21 17:08:44.344 [INFO] [Bluetooth] Active probe failed: WinRT async operation timed out after 4000ms
2026-05-21 17:08:48.424 [INFO] [Bluetooth] Active probe failed: WinRT async operation timed out after 4000ms
2026-05-21 17:08:52.505 [INFO] [Bluetooth] Active probe failed: WinRT async operation timed out after 4000ms
2026-05-21 17:08:56.550 [INFO] [Bluetooth] Active probe failed: WinRT async operation timed out after 4000ms
2026-05-21 17:09:00.599 [INFO] [Bluetooth] Active probe failed: WinRT async operation timed out after 4000ms
2026-05-21 17:09:04.690 [INFO] [Bluetooth] Active probe failed: WinRT async operation timed out after 4000ms
2026-05-21 17:09:08.764 [INFO] [Bluetooth] Active probe failed: WinRT async operation timed out after 4000ms
2026-05-21 17:09:12.866 [INFO] [Bluetooth] Active probe failed: WinRT async operation timed out after 4000ms
2026-05-21 17:09:12.872 [INFO] [Poll] Lock suppressed by user activity (idle=0s < 30s). Would-be reason: Bluetooth sustained disconnected for 29s
2026-05-21 17:09:16.954 [INFO] [Bluetooth] Active probe failed: WinRT async operation timed out after 4000ms
2026-05-21 17:09:16.960 [INFO] [Poll] Lock suppressed by user activity (idle=0s < 30s). Would-be reason: Bluetooth sustained disconnected for 33s
2026-05-21 17:09:21.069 [INFO] [Bluetooth] Active probe failed: WinRT async operation timed out after 4000ms
2026-05-21 17:09:21.076 [INFO] [Poll] Lock suppressed by user activity (idle=2s < 30s). Would-be reason: Bluetooth sustained disconnected for 37s
2026-05-21 17:09:25.190 [INFO] [Bluetooth] Active probe failed: WinRT async operation timed out after 4000ms
2026-05-21 17:09:25.199 [INFO] [Poll] Lock suppressed by user activity (idle=0s < 30s). Would-be reason: Bluetooth sustained disconnected for 41s
2026-05-21 17:09:29.268 [INFO] [Bluetooth] Active probe failed: WinRT async operation timed out after 4000ms
2026-05-21 17:09:29.273 [INFO] [Poll] Lock suppressed by user activity (idle=0s < 30s). Would-be reason: Bluetooth sustained disconnected for 45s
2026-05-21 17:09:33.360 [INFO] [Bluetooth] Active probe failed: WinRT async operation timed out after 4000ms
2026-05-21 17:09:33.367 [INFO] [Poll] Lock suppressed by user activity (idle=0s < 30s). Would-be reason: Bluetooth sustained disconnected for 49s
2026-05-21 17:09:37.475 [INFO] [Bluetooth] Active probe failed: WinRT async operation timed out after 4000ms
2026-05-21 17:09:37.481 [INFO] [Poll] Lock suppressed by user activity (idle=0s < 30s). Would-be reason: Bluetooth sustained disconnected for 53s
2026-05-21 17:09:40.414 [INFO] [Poll] Active probe restored connection
2026-05-21 17:09:41.244 [INFO] [Poll] Active probe restored connection
2026-05-21 17:09:47.347 [INFO] [Bluetooth] Active probe failed: WinRT async operation timed out after 4000ms
2026-05-21 17:09:50.012 [INFO] [Poll] Active probe restored connection
2026-05-21 17:09:56.325 [INFO] [Bluetooth] Active probe failed: WinRT async operation timed out after 4000ms
2026-05-21 17:09:59.101 [INFO] [Poll] Active probe restored connection
2026-05-21 17:10:03.177 [INFO] [Bluetooth] Active probe failed: WinRT async operation timed out after 4000ms
2026-05-21 17:10:07.238 [INFO] [Bluetooth] Active probe failed: WinRT async operation timed out after 4000ms
2026-05-21 17:10:11.328 [INFO] [Bluetooth] Active probe failed: WinRT async operation timed out after 4000ms
2026-05-21 17:10:15.439 [INFO] [Bluetooth] Active probe failed: WinRT async operation timed out after 4000ms
2026-05-21 17:10:19.532 [INFO] [Bluetooth] Active probe failed: WinRT async operation timed out after 4000ms
2026-05-21 17:10:23.619 [INFO] [Bluetooth] Active probe failed: WinRT async operation timed out after 4000ms
2026-05-21 17:10:27.705 [INFO] [Bluetooth] Active probe failed: WinRT async operation timed out after 4000ms
2026-05-21 17:10:31.757 [INFO] [Bluetooth] Active probe failed: WinRT async operation timed out after 4000ms
2026-05-21 17:10:31.764 [INFO] [Poll] Lock suppressed by user activity (idle=0s < 30s). Would-be reason: Bluetooth sustained disconnected for 29s
2026-05-21 17:10:35.832 [INFO] [Bluetooth] Active probe failed: WinRT async operation timed out after 4000ms
2026-05-21 17:10:35.835 [INFO] [Poll] Lock suppressed by user activity (idle=0s < 30s). Would-be reason: Bluetooth sustained disconnected for 33s
2026-05-21 17:10:39.868 [INFO] [Bluetooth] Active probe failed: WinRT async operation timed out after 4000ms
2026-05-21 17:10:39.874 [INFO] [Poll] Lock suppressed by user activity (idle=0s < 30s). Would-be reason: Bluetooth sustained disconnected for 37s
2026-05-21 17:10:44.008 [INFO] [Bluetooth] Active probe failed: WinRT async operation timed out after 4000ms
2026-05-21 17:10:44.015 [INFO] [Poll] Lock suppressed by user activity (idle=0s < 30s). Would-be reason: Bluetooth sustained disconnected for 41s
2026-05-21 17:10:48.094 [INFO] [Bluetooth] Active probe failed: WinRT async operation timed out after 4000ms
2026-05-21 17:10:48.098 [INFO] [Poll] Lock suppressed by user activity (idle=0s < 30s). Would-be reason: Bluetooth sustained disconnected for 45s
2026-05-21 17:10:52.145 [INFO] [Bluetooth] Active probe failed: WinRT async operation timed out after 4000ms
2026-05-21 17:10:52.148 [INFO] [Poll] Lock suppressed by user activity (idle=1s < 30s). Would-be reason: Bluetooth sustained disconnected for 49s
2026-05-21 17:10:56.186 [INFO] [Bluetooth] Active probe failed: WinRT async operation timed out after 4000ms
2026-05-21 17:10:56.190 [INFO] [Poll] Lock suppressed by user activity (idle=0s < 30s). Would-be reason: Bluetooth sustained disconnected for 53s
2026-05-21 17:11:00.268 [INFO] [Bluetooth] Active probe failed: WinRT async operation timed out after 4000ms
2026-05-21 17:11:00.275 [INFO] [Poll] Lock suppressed by user activity (idle=1s < 30s). Would-be reason: Bluetooth sustained disconnected for 57s
2026-05-21 17:11:04.418 [INFO] [Bluetooth] Active probe failed: WinRT async operation timed out after 4000ms
2026-05-21 17:11:04.427 [INFO] [Poll] Lock suppressed by user activity (idle=0s < 30s). Would-be reason: Bluetooth sustained disconnected for 61s
2026-05-21 17:11:08.526 [INFO] [Bluetooth] Active probe failed: WinRT async operation timed out after 4000ms
2026-05-21 17:11:08.528 [INFO] [Poll] Lock suppressed by user activity (idle=0s < 30s). Would-be reason: Bluetooth sustained disconnected for 65s
2026-05-21 17:11:12.550 [INFO] [Bluetooth] Active probe failed: WinRT async operation timed out after 4000ms
2026-05-21 17:11:12.553 [INFO] [Poll] Lock suppressed by user activity (idle=0s < 30s). Would-be reason: Bluetooth sustained disconnected for 69s
2026-05-21 17:11:16.587 [INFO] [Bluetooth] Active probe failed: WinRT async operation timed out after 4000ms
2026-05-21 17:11:16.589 [INFO] [Poll] Lock suppressed by user activity (idle=0s < 30s). Would-be reason: Bluetooth sustained disconnected for 73s
2026-05-21 17:11:20.680 [INFO] [Bluetooth] Active probe failed: WinRT async operation timed out after 4000ms
2026-05-21 17:11:20.682 [INFO] [Poll] Lock suppressed by user activity (idle=0s < 30s). Would-be reason: Bluetooth sustained disconnected for 77s
2026-05-21 17:11:22.389 [INFO] [Poll] Active probe restored connection
2026-05-21 17:11:26.454 [INFO] [Bluetooth] Active probe failed: WinRT async operation timed out after 4000ms
2026-05-21 17:11:30.501 [INFO] [Bluetooth] Active probe failed: WinRT async operation timed out after 4000ms
2026-05-21 17:11:34.553 [INFO] [Bluetooth] Active probe failed: WinRT async operation timed out after 4000ms
2026-05-21 17:11:38.611 [INFO] [Bluetooth] Active probe failed: WinRT async operation timed out after 4000ms
2026-05-21 17:11:42.659 [INFO] [Bluetooth] Active probe failed: WinRT async operation timed out after 4000ms
2026-05-21 17:11:46.690 [INFO] [Bluetooth] Active probe failed: WinRT async operation timed out after 4000ms
2026-05-21 17:11:50.730 [INFO] [Bluetooth] Active probe failed: WinRT async operation timed out after 4000ms
2026-05-21 17:11:54.763 [INFO] [Bluetooth] Active probe failed: WinRT async operation timed out after 4000ms
2026-05-21 17:11:54.766 [INFO] [Poll] Lock suppressed by user activity (idle=0s < 30s). Would-be reason: Bluetooth sustained disconnected for 28s
2026-05-21 17:11:58.814 [INFO] [Bluetooth] Active probe failed: WinRT async operation timed out after 4000ms
2026-05-21 17:11:58.816 [INFO] [Poll] Lock suppressed by user activity (idle=0s < 30s). Would-be reason: Bluetooth sustained disconnected for 32s
2026-05-21 17:12:02.857 [INFO] [Bluetooth] Active probe failed: WinRT async operation timed out after 4000ms
2026-05-21 17:12:02.859 [INFO] [Poll] Lock suppressed by user activity (idle=2s < 30s). Would-be reason: Bluetooth sustained disconnected for 36s
2026-05-21 17:12:06.907 [INFO] [Bluetooth] Active probe failed: WinRT async operation timed out after 4000ms
2026-05-21 17:12:06.908 [INFO] [Poll] Lock suppressed by user activity (idle=0s < 30s). Would-be reason: Bluetooth sustained disconnected for 40s
2026-05-21 17:12:10.961 [INFO] [Bluetooth] Active probe failed: WinRT async operation timed out after 4000ms
2026-05-21 17:12:10.963 [INFO] [Poll] Lock suppressed by user activity (idle=0s < 30s). Would-be reason: Bluetooth sustained disconnected for 45s
2026-05-21 17:12:15.011 [INFO] [Bluetooth] Active probe failed: WinRT async operation timed out after 4000ms
2026-05-21 17:12:15.013 [INFO] [Poll] Lock suppressed by user activity (idle=0s < 30s). Would-be reason: Bluetooth sustained disconnected for 49s
2026-05-21 17:12:19.061 [INFO] [Bluetooth] Active probe failed: WinRT async operation timed out after 4000ms
2026-05-21 17:12:19.063 [INFO] [Poll] Lock suppressed by user activity (idle=0s < 30s). Would-be reason: Bluetooth sustained disconnected for 53s
2026-05-21 17:12:22.498 [INFO] [Poll] Active probe restored connection
2026-05-21 17:12:24.072 [INFO] [Poll] Active probe restored connection
2026-05-21 17:12:29.287 [INFO] [Bluetooth] Active probe failed: WinRT async operation timed out after 4000ms
2026-05-21 17:12:33.321 [INFO] [Bluetooth] Active probe failed: WinRT async operation timed out after 4000ms
2026-05-21 17:12:37.383 [INFO] [Bluetooth] Active probe failed: WinRT async operation timed out after 4000ms
2026-05-21 17:12:41.427 [INFO] [Bluetooth] Active probe failed: WinRT async operation timed out after 4000ms
2026-05-21 17:12:45.476 [INFO] [Bluetooth] Active probe failed: WinRT async operation timed out after 4000ms
2026-05-21 17:12:49.516 [INFO] [Bluetooth] Active probe failed: WinRT async operation timed out after 4000ms
2026-05-21 17:12:53.567 [INFO] [Bluetooth] Active probe failed: WinRT async operation timed out after 4000ms
2026-05-21 17:12:57.607 [INFO] [Bluetooth] Active probe failed: WinRT async operation timed out after 4000ms
2026-05-21 17:12:57.609 [INFO] [Poll] Lock suppressed by user activity (idle=0s < 30s). Would-be reason: Bluetooth sustained disconnected for 28s
2026-05-21 17:13:01.667 [INFO] [Bluetooth] Active probe failed: WinRT async operation timed out after 4000ms
2026-05-21 17:13:01.669 [INFO] [Poll] Lock suppressed by user activity (idle=0s < 30s). Would-be reason: Bluetooth sustained disconnected for 32s
2026-05-21 17:13:05.697 [INFO] [Bluetooth] Active probe failed: WinRT async operation timed out after 4000ms
2026-05-21 17:13:05.701 [INFO] [Poll] Lock suppressed by user activity (idle=0s < 30s). Would-be reason: Bluetooth sustained disconnected for 36s
2026-05-21 17:13:09.740 [INFO] [Bluetooth] Active probe failed: WinRT async operation timed out after 4000ms
2026-05-21 17:13:09.742 [INFO] [Poll] Lock suppressed by user activity (idle=0s < 30s). Would-be reason: Bluetooth sustained disconnected for 40s
2026-05-21 17:13:13.791 [INFO] [Bluetooth] Active probe failed: WinRT async operation timed out after 4000ms
2026-05-21 17:13:13.793 [INFO] [Poll] Lock suppressed by user activity (idle=0s < 30s). Would-be reason: Bluetooth sustained disconnected for 45s
2026-05-21 17:13:17.843 [INFO] [Bluetooth] Active probe failed: WinRT async operation timed out after 4000ms
2026-05-21 17:13:17.845 [INFO] [Poll] Lock suppressed by user activity (idle=0s < 30s). Would-be reason: Bluetooth sustained disconnected for 49s
2026-05-21 17:13:21.883 [INFO] [Bluetooth] Active probe failed: WinRT async operation timed out after 4000ms
2026-05-21 17:13:21.885 [INFO] [Poll] Lock suppressed by user activity (idle=0s < 30s). Would-be reason: Bluetooth sustained disconnected for 53s
2026-05-21 17:13:25.312 [INFO] [Poll] Active probe restored connection
2026-05-21 17:13:29.393 [INFO] [Bluetooth] Active probe failed: WinRT async operation timed out after 4000ms
2026-05-21 17:13:33.435 [INFO] [Bluetooth] Active probe failed: WinRT async operation timed out after 4000ms
2026-05-21 17:13:37.475 [INFO] [Bluetooth] Active probe failed: WinRT async operation timed out after 4000ms
2026-05-21 17:13:41.520 [INFO] [Bluetooth] Active probe failed: WinRT async operation timed out after 4000ms
2026-05-21 17:13:45.561 [INFO] [Bluetooth] Active probe failed: WinRT async operation timed out after 4000ms
2026-05-21 17:13:49.619 [INFO] [Bluetooth] Active probe failed: WinRT async operation timed out after 4000ms
2026-05-21 17:13:53.663 [INFO] [Bluetooth] Active probe failed: WinRT async operation timed out after 4000ms
2026-05-21 17:13:57.696 [INFO] [Bluetooth] Active probe failed: WinRT async operation timed out after 4000ms
2026-05-21 17:13:57.697 [INFO] [Poll] Lock suppressed by user activity (idle=0s < 30s). Would-be reason: Bluetooth sustained disconnected for 28s
2026-05-21 17:14:01.761 [INFO] [Bluetooth] Active probe failed: WinRT async operation timed out after 4000ms
2026-05-21 17:14:01.762 [INFO] [Poll] Lock suppressed by user activity (idle=0s < 30s). Would-be reason: Bluetooth sustained disconnected for 32s
2026-05-21 17:14:05.817 [INFO] [Bluetooth] Active probe failed: WinRT async operation timed out after 4000ms
2026-05-21 17:14:05.819 [INFO] [Poll] Lock suppressed by user activity (idle=1s < 30s). Would-be reason: Bluetooth sustained disconnected for 36s
2026-05-21 17:14:09.855 [INFO] [Bluetooth] Active probe failed: WinRT async operation timed out after 4000ms
2026-05-21 17:14:09.857 [INFO] [Poll] Lock suppressed by user activity (idle=0s < 30s). Would-be reason: Bluetooth sustained disconnected for 40s
2026-05-21 17:14:13.910 [INFO] [Bluetooth] Active probe failed: WinRT async operation timed out after 4000ms
2026-05-21 17:14:13.912 [INFO] [Poll] Lock suppressed by user activity (idle=0s < 30s). Would-be reason: Bluetooth sustained disconnected for 45s
2026-05-21 17:14:17.948 [INFO] [Bluetooth] Active probe failed: WinRT async operation timed out after 4000ms
2026-05-21 17:14:17.950 [INFO] [Poll] Lock suppressed by user activity (idle=0s < 30s). Would-be reason: Bluetooth sustained disconnected for 49s
2026-05-21 17:14:21.999 [INFO] [Bluetooth] Active probe failed: WinRT async operation timed out after 4000ms
2026-05-21 17:14:22.002 [INFO] [Poll] Lock suppressed by user activity (idle=0s < 30s). Would-be reason: Bluetooth sustained disconnected for 53s
2026-05-21 17:14:26.049 [INFO] [Bluetooth] Active probe failed: WinRT async operation timed out after 4000ms
2026-05-21 17:14:26.051 [INFO] [Poll] Lock suppressed by user activity (idle=0s < 30s). Would-be reason: Bluetooth sustained disconnected for 57s
2026-05-21 17:14:30.090 [INFO] [Bluetooth] Active probe failed: WinRT async operation timed out after 4000ms
2026-05-21 17:14:30.092 [INFO] [Poll] Lock suppressed by user activity (idle=2s < 30s). Would-be reason: Bluetooth sustained disconnected for 61s
2026-05-21 17:14:37.044 [INFO] [Poll] Active probe restored connection
2026-05-21 17:14:44.269 [INFO] [Bluetooth] Active probe failed: WinRT async operation timed out after 4000ms
2026-05-21 17:14:48.301 [INFO] [Bluetooth] Active probe failed: WinRT async operation timed out after 4000ms
2026-05-21 17:14:52.346 [INFO] [Bluetooth] Active probe failed: WinRT async operation timed out after 4000ms
2026-05-21 17:14:56.392 [INFO] [Bluetooth] Active probe failed: WinRT async operation timed out after 4000ms
2026-05-21 17:15:00.439 [INFO] [Bluetooth] Active probe failed: WinRT async operation timed out after 4000ms
2026-05-21 17:15:04.495 [INFO] [Bluetooth] Active probe failed: WinRT async operation timed out after 4000ms
2026-05-21 17:15:08.537 [INFO] [Bluetooth] Active probe failed: WinRT async operation timed out after 4000ms
2026-05-21 17:15:12.583 [INFO] [Bluetooth] Active probe failed: WinRT async operation timed out after 4000ms
2026-05-21 17:15:12.585 [INFO] [Poll] Lock suppressed by user activity (idle=1s < 30s). Would-be reason: Bluetooth sustained disconnected for 28s
2026-05-21 17:15:16.628 [INFO] [Bluetooth] Active probe failed: WinRT async operation timed out after 4000ms
2026-05-21 17:15:16.630 [INFO] [Poll] Lock suppressed by user activity (idle=5s < 30s). Would-be reason: Bluetooth sustained disconnected for 32s
2026-05-21 17:15:20.679 [INFO] [Bluetooth] Active probe failed: WinRT async operation timed out after 4000ms
2026-05-21 17:15:20.681 [INFO] [Poll] Lock suppressed by user activity (idle=0s < 30s). Would-be reason: Bluetooth sustained disconnected for 36s
2026-05-21 17:15:24.708 [INFO] [Bluetooth] Active probe failed: WinRT async operation timed out after 4000ms
2026-05-21 17:15:24.710 [INFO] [Poll] Lock suppressed by user activity (idle=0s < 30s). Would-be reason: Bluetooth sustained disconnected for 40s
2026-05-21 17:15:28.753 [INFO] [Bluetooth] Active probe failed: WinRT async operation timed out after 4000ms
2026-05-21 17:15:28.754 [INFO] [Poll] Lock suppressed by user activity (idle=0s < 30s). Would-be reason: Bluetooth sustained disconnected for 44s
2026-05-21 17:15:32.801 [INFO] [Bluetooth] Active probe failed: WinRT async operation timed out after 4000ms
2026-05-21 17:15:32.803 [INFO] [Poll] Lock suppressed by user activity (idle=0s < 30s). Would-be reason: Bluetooth sustained disconnected for 49s
2026-05-21 17:15:36.857 [INFO] [Bluetooth] Active probe failed: WinRT async operation timed out after 4000ms
2026-05-21 17:15:36.859 [INFO] [Poll] Lock suppressed by user activity (idle=1s < 30s). Would-be reason: Bluetooth sustained disconnected for 53s
2026-05-21 17:15:40.326 [INFO] [Poll] Active probe restored connection
2026-05-21 17:15:44.403 [INFO] [Bluetooth] Active probe failed: WinRT async operation timed out after 4000ms
2026-05-21 17:15:48.458 [INFO] [Bluetooth] Active probe failed: WinRT async operation timed out after 4000ms
2026-05-21 17:15:52.499 [INFO] [Bluetooth] Active probe failed: WinRT async operation timed out after 4000ms
2026-05-21 17:15:56.544 [INFO] [Bluetooth] Active probe failed: WinRT async operation timed out after 4000ms
2026-05-21 17:16:00.604 [INFO] [Bluetooth] Active probe failed: WinRT async operation timed out after 4000ms
2026-05-21 17:16:04.639 [INFO] [Bluetooth] Active probe failed: WinRT async operation timed out after 4000ms
2026-05-21 17:16:08.690 [INFO] [Bluetooth] Active probe failed: WinRT async operation timed out after 4000ms
2026-05-21 17:16:12.738 [INFO] [Bluetooth] Active probe failed: WinRT async operation timed out after 4000ms
2026-05-21 17:16:12.740 [INFO] [Poll] Lock suppressed by user activity (idle=0s < 30s). Would-be reason: Bluetooth sustained disconnected for 28s
2026-05-21 17:16:16.801 [INFO] [Bluetooth] Active probe failed: WinRT async operation timed out after 4000ms
2026-05-21 17:16:16.803 [INFO] [Poll] Lock suppressed by user activity (idle=0s < 30s). Would-be reason: Bluetooth sustained disconnected for 32s
2026-05-21 17:16:20.833 [INFO] [Bluetooth] Active probe failed: WinRT async operation timed out after 4000ms
2026-05-21 17:16:20.835 [INFO] [Poll] Lock suppressed by user activity (idle=0s < 30s). Would-be reason: Bluetooth sustained disconnected for 36s
2026-05-21 17:16:24.885 [INFO] [Bluetooth] Active probe failed: WinRT async operation timed out after 4000ms
2026-05-21 17:16:24.889 [INFO] [Poll] Lock suppressed by user activity (idle=0s < 30s). Would-be reason: Bluetooth sustained disconnected for 40s
2026-05-21 17:16:28.938 [INFO] [Bluetooth] Active probe failed: WinRT async operation timed out after 4000ms
2026-05-21 17:16:28.940 [INFO] [Poll] Lock suppressed by user activity (idle=4s < 30s). Would-be reason: Bluetooth sustained disconnected for 45s
2026-05-21 17:16:32.984 [INFO] [Bluetooth] Active probe failed: WinRT async operation timed out after 4000ms
2026-05-21 17:16:32.985 [INFO] [Poll] Lock suppressed by user activity (idle=0s < 30s). Would-be reason: Bluetooth sustained disconnected for 49s
2026-05-21 17:16:37.025 [INFO] [Bluetooth] Active probe failed: WinRT async operation timed out after 4000ms
2026-05-21 17:16:37.027 [INFO] [Poll] Lock suppressed by user activity (idle=0s < 30s). Would-be reason: Bluetooth sustained disconnected for 53s
2026-05-21 17:16:41.083 [INFO] [Bluetooth] Active probe failed: WinRT async operation timed out after 4000ms
2026-05-21 17:16:41.087 [INFO] [Poll] Lock suppressed by user activity (idle=0s < 30s). Would-be reason: Bluetooth sustained disconnected for 57s
2026-05-21 17:16:45.135 [INFO] [Bluetooth] Active probe failed: WinRT async operation timed out after 4000ms
2026-05-21 17:16:45.137 [INFO] [Poll] Lock suppressed by user activity (idle=0s < 30s). Would-be reason: Bluetooth sustained disconnected for 61s
2026-05-21 17:16:49.193 [INFO] [Bluetooth] Active probe failed: WinRT async operation timed out after 4000ms
2026-05-21 17:16:49.196 [INFO] [Poll] Lock suppressed by user activity (idle=0s < 30s). Would-be reason: Bluetooth sustained disconnected for 65s
2026-05-21 17:16:53.241 [INFO] [Bluetooth] Active probe failed: WinRT async operation timed out after 4000ms
2026-05-21 17:16:53.242 [INFO] [Poll] Lock suppressed by user activity (idle=0s < 30s). Would-be reason: Bluetooth sustained disconnected for 69s
2026-05-21 17:16:57.268 [INFO] [Bluetooth] Active probe failed: WinRT async operation timed out after 4000ms
2026-05-21 17:16:57.269 [INFO] [Poll] Lock suppressed by user activity (idle=0s < 30s). Would-be reason: Bluetooth sustained disconnected for 73s
2026-05-21 17:17:01.331 [INFO] [Bluetooth] Active probe failed: WinRT async operation timed out after 4000ms
2026-05-21 17:17:01.333 [INFO] [Poll] Lock suppressed by user activity (idle=0s < 30s). Would-be reason: Bluetooth sustained disconnected for 77s
2026-05-21 17:17:05.375 [INFO] [Bluetooth] Active probe failed: WinRT async operation timed out after 4000ms
2026-05-21 17:17:05.377 [INFO] [Poll] Lock suppressed by user activity (idle=1s < 30s). Would-be reason: Bluetooth sustained disconnected for 81s
2026-05-21 17:17:09.419 [INFO] [Bluetooth] Active probe failed: WinRT async operation timed out after 4000ms
2026-05-21 17:17:09.420 [INFO] [Poll] Lock suppressed by user activity (idle=0s < 30s). Would-be reason: Bluetooth sustained disconnected for 85s
2026-05-21 17:17:13.475 [INFO] [Bluetooth] Active probe failed: WinRT async operation timed out after 4000ms
2026-05-21 17:17:13.477 [INFO] [Poll] Lock suppressed by user activity (idle=0s < 30s). Would-be reason: Bluetooth sustained disconnected for 89s
2026-05-21 17:17:17.539 [INFO] [Bluetooth] Active probe failed: WinRT async operation timed out after 4000ms
2026-05-21 17:17:17.543 [INFO] [Poll] Lock suppressed by user activity (idle=0s < 30s). Would-be reason: Bluetooth sustained disconnected for 93s
2026-05-21 17:17:21.704 [INFO] [Bluetooth] Active probe failed: WinRT async operation timed out after 4000ms
2026-05-21 17:17:21.707 [INFO] [Poll] Lock suppressed by user activity (idle=0s < 30s). Would-be reason: Bluetooth sustained disconnected for 97s
2026-05-21 17:17:25.749 [INFO] [Bluetooth] Active probe failed: WinRT async operation timed out after 4000ms
2026-05-21 17:17:25.751 [INFO] [Poll] Lock suppressed by user activity (idle=0s < 30s). Would-be reason: Bluetooth sustained disconnected for 101s
2026-05-21 17:17:29.792 [INFO] [Bluetooth] Active probe failed: WinRT async operation timed out after 4000ms
2026-05-21 17:17:29.794 [INFO] [Poll] Lock suppressed by user activity (idle=0s < 30s). Would-be reason: Bluetooth sustained disconnected for 105s
2026-05-21 17:17:33.849 [INFO] [Bluetooth] Active probe failed: WinRT async operation timed out after 4000ms
2026-05-21 17:17:33.851 [INFO] [Poll] Lock suppressed by user activity (idle=0s < 30s). Would-be reason: Bluetooth sustained disconnected for 109s
2026-05-21 17:17:37.892 [INFO] [Bluetooth] Active probe failed: WinRT async operation timed out after 4000ms
2026-05-21 17:17:37.894 [INFO] [Poll] Lock suppressed by user activity (idle=3s < 30s). Would-be reason: Bluetooth sustained disconnected for 113s
2026-05-21 17:17:40.351 [INFO] [Poll] Active probe restored connection
2026-05-21 17:17:44.431 [INFO] [Bluetooth] Active probe failed: WinRT async operation timed out after 4000ms
2026-05-21 17:17:44.984 [INFO] [Poll] Active probe restored connection
2026-05-21 17:17:49.074 [INFO] [Bluetooth] Active probe failed: WinRT async operation timed out after 4000ms
2026-05-21 17:17:53.114 [INFO] [Bluetooth] Active probe failed: WinRT async operation timed out after 4000ms
2026-05-21 17:17:57.157 [INFO] [Bluetooth] Active probe failed: WinRT async operation timed out after 4000ms
2026-05-21 17:18:01.200 [INFO] [Bluetooth] Active probe failed: WinRT async operation timed out after 4000ms
2026-05-21 17:18:05.247 [INFO] [Bluetooth] Active probe failed: WinRT async operation timed out after 4000ms
2026-05-21 17:18:09.292 [INFO] [Bluetooth] Active probe failed: WinRT async operation timed out after 4000ms
2026-05-21 17:18:13.357 [INFO] [Bluetooth] Active probe failed: WinRT async operation timed out after 4000ms
2026-05-21 17:18:17.397 [INFO] [Bluetooth] Active probe failed: WinRT async operation timed out after 4000ms
2026-05-21 17:18:17.399 [INFO] [Poll] Lock suppressed by user activity (idle=1s < 30s). Would-be reason: Bluetooth sustained disconnected for 28s
2026-05-21 17:18:21.456 [INFO] [Bluetooth] Active probe failed: WinRT async operation timed out after 4000ms
2026-05-21 17:18:21.457 [INFO] [Poll] Lock suppressed by user activity (idle=0s < 30s). Would-be reason: Bluetooth sustained disconnected for 32s
2026-05-21 17:18:25.500 [INFO] [Bluetooth] Active probe failed: WinRT async operation timed out after 4000ms
2026-05-21 17:18:25.504 [INFO] [Poll] Lock suppressed by user activity (idle=0s < 30s). Would-be reason: Bluetooth sustained disconnected for 36s
2026-05-21 17:18:29.547 [INFO] [Bluetooth] Active probe failed: WinRT async operation timed out after 4000ms
2026-05-21 17:18:29.550 [INFO] [Poll] Lock suppressed by user activity (idle=0s < 30s). Would-be reason: Bluetooth sustained disconnected for 40s
2026-05-21 17:18:33.598 [INFO] [Bluetooth] Active probe failed: WinRT async operation timed out after 4000ms
2026-05-21 17:18:33.600 [INFO] [Poll] Lock suppressed by user activity (idle=0s < 30s). Would-be reason: Bluetooth sustained disconnected for 45s
2026-05-21 17:18:37.656 [INFO] [Bluetooth] Active probe failed: WinRT async operation timed out after 4000ms
2026-05-21 17:18:37.658 [INFO] [Poll] Lock suppressed by user activity (idle=0s < 30s). Would-be reason: Bluetooth sustained disconnected for 49s
2026-05-21 17:18:41.693 [INFO] [Bluetooth] Active probe failed: WinRT async operation timed out after 4000ms
2026-05-21 17:18:41.695 [INFO] [Poll] Lock suppressed by user activity (idle=0s < 30s). Would-be reason: Bluetooth sustained disconnected for 53s
2026-05-21 17:18:45.724 [INFO] [Bluetooth] Active probe failed: WinRT async operation timed out after 4000ms
2026-05-21 17:18:45.726 [INFO] [Poll] Lock suppressed by user activity (idle=0s < 30s). Would-be reason: Bluetooth sustained disconnected for 57s
2026-05-21 17:18:49.773 [INFO] [Bluetooth] Active probe failed: WinRT async operation timed out after 4000ms
2026-05-21 17:18:49.775 [INFO] [Poll] Lock suppressed by user activity (idle=0s < 30s). Would-be reason: Bluetooth sustained disconnected for 61s
2026-05-21 17:18:53.823 [INFO] [Bluetooth] Active probe failed: WinRT async operation timed out after 4000ms
2026-05-21 17:18:53.825 [INFO] [Poll] Lock suppressed by user activity (idle=0s < 30s). Would-be reason: Bluetooth sustained disconnected for 65s
2026-05-21 17:18:57.878 [INFO] [Bluetooth] Active probe failed: WinRT async operation timed out after 4000ms
2026-05-21 17:18:57.879 [INFO] [Poll] Lock suppressed by user activity (idle=0s < 30s). Would-be reason: Bluetooth sustained disconnected for 69s
2026-05-21 17:19:01.924 [INFO] [Bluetooth] Active probe failed: WinRT async operation timed out after 4000ms
2026-05-21 17:19:01.927 [INFO] [Poll] Lock suppressed by user activity (idle=0s < 30s). Would-be reason: Bluetooth sustained disconnected for 73s
2026-05-21 17:19:05.963 [INFO] [Bluetooth] Active probe failed: WinRT async operation timed out after 4000ms
2026-05-21 17:19:05.967 [INFO] [Poll] Lock suppressed by user activity (idle=0s < 30s). Would-be reason: Bluetooth sustained disconnected for 77s
2026-05-21 17:19:10.011 [INFO] [Bluetooth] Active probe failed: WinRT async operation timed out after 4000ms
2026-05-21 17:19:10.013 [INFO] [Poll] Lock suppressed by user activity (idle=0s < 30s). Would-be reason: Bluetooth sustained disconnected for 81s
2026-05-21 17:19:14.064 [INFO] [Bluetooth] Active probe failed: WinRT async operation timed out after 4000ms
2026-05-21 17:19:14.068 [INFO] [Poll] Lock suppressed by user activity (idle=0s < 30s). Would-be reason: Bluetooth sustained disconnected for 85s
2026-05-21 17:19:15.875 [INFO] [Poll] Active probe restored connection
2026-05-21 17:19:19.956 [INFO] [Bluetooth] Active probe failed: WinRT async operation timed out after 4000ms
2026-05-21 17:19:23.993 [INFO] [Bluetooth] Active probe failed: WinRT async operation timed out after 4000ms
2026-05-21 17:19:28.047 [INFO] [Bluetooth] Active probe failed: WinRT async operation timed out after 4000ms
2026-05-21 17:19:32.092 [INFO] [Bluetooth] Active probe failed: WinRT async operation timed out after 4000ms
2026-05-21 17:19:36.145 [INFO] [Bluetooth] Active probe failed: WinRT async operation timed out after 4000ms
2026-05-21 17:19:40.207 [INFO] [Bluetooth] Active probe failed: WinRT async operation timed out after 4000ms
2026-05-21 17:19:42.739 [INFO] [Poll] Active probe restored connection
2026-05-21 17:19:50.309 [INFO] [Bluetooth] Active probe failed: WinRT async operation timed out after 4000ms
2026-05-21 17:19:53.104 [INFO] [Poll] Active probe restored connection
2026-05-21 17:19:57.001 [INFO] [Poll] Active probe restored connection
2026-05-21 17:19:59.552 [INFO] [Poll] Active probe restored connection
2026-05-21 17:20:05.310 [INFO] [Bluetooth] Active probe failed: WinRT async operation timed out after 4000ms
2026-05-21 17:20:09.355 [INFO] [Bluetooth] Active probe failed: WinRT async operation timed out after 4000ms
2026-05-21 17:20:13.410 [INFO] [Bluetooth] Active probe failed: WinRT async operation timed out after 4000ms
2026-05-21 17:20:17.447 [INFO] [Bluetooth] Active probe failed: WinRT async operation timed out after 4000ms
2026-05-21 17:20:21.498 [INFO] [Bluetooth] Active probe failed: WinRT async operation timed out after 4000ms
2026-05-21 17:20:25.538 [INFO] [Bluetooth] Active probe failed: WinRT async operation timed out after 4000ms
2026-05-21 17:20:29.585 [INFO] [Bluetooth] Active probe failed: WinRT async operation timed out after 4000ms
2026-05-21 17:20:32.916 [INFO] [Poll] Active probe restored connection
2026-05-21 17:20:36.479 [INFO] [Poll] Active probe restored connection
2026-05-21 17:20:41.876 [INFO] [Poll] Active probe restored connection
2026-05-21 17:20:45.334 [INFO] [Poll] Active probe restored connection
2026-05-21 17:20:53.314 [INFO] [Bluetooth] Active probe failed: WinRT async operation timed out after 4000ms
2026-05-21 17:20:57.066 [INFO] [Poll] Active probe restored connection
2026-05-21 17:21:01.147 [INFO] [Bluetooth] Active probe failed: WinRT async operation timed out after 4000ms
2026-05-21 17:21:05.210 [INFO] [Bluetooth] Active probe failed: WinRT async operation timed out after 4000ms
2026-05-21 17:21:09.237 [INFO] [Bluetooth] Active probe failed: WinRT async operation timed out after 4000ms
2026-05-21 17:21:13.265 [INFO] [Bluetooth] Active probe failed: WinRT async operation timed out after 4000ms
2026-05-21 17:21:17.318 [INFO] [Bluetooth] Active probe failed: WinRT async operation timed out after 4000ms
2026-05-21 17:21:20.926 [INFO] [Poll] Active probe restored connection
2026-05-21 17:21:23.987 [INFO] [Poll] Active probe restored connection
2026-05-21 18:40:14.408 [INFO] [Bluetooth] Active probe failed: WinRT async operation timed out after 4000ms
2026-05-21 18:40:15.555 [INFO] [Poll] Active probe restored connection
2026-05-21 18:40:20.413 [INFO] [Bluetooth] Active probe failed: WinRT async operation timed out after 4000ms
2026-05-21 18:40:24.456 [INFO] [Bluetooth] Active probe failed: WinRT async operation timed out after 4000ms
2026-05-21 18:40:28.489 [INFO] [Bluetooth] Active probe failed: WinRT async operation timed out after 4000ms
2026-05-21 18:40:32.541 [INFO] [Bluetooth] Active probe failed: WinRT async operation timed out after 4000ms
2026-05-21 18:40:36.587 [INFO] [Bluetooth] Active probe failed: WinRT async operation timed out after 4000ms
2026-05-21 18:40:40.629 [INFO] [Bluetooth] Active probe failed: WinRT async operation timed out after 4000ms
2026-05-21 18:40:44.671 [INFO] [Bluetooth] Active probe failed: WinRT async operation timed out after 4000ms
2026-05-21 18:40:45.569 [INFO] [Poll] Active probe restored connection
2026-05-21 18:40:49.640 [INFO] [Bluetooth] Active probe failed: WinRT async operation timed out after 4000ms
2026-05-21 18:40:50.802 [INFO] [Poll] Active probe restored connection
2026-05-21 18:40:54.875 [INFO] [Bluetooth] Active probe failed: WinRT async operation timed out after 4000ms
2026-05-21 18:40:56.033 [INFO] [Poll] Active probe restored connection
2026-05-21 18:41:00.106 [INFO] [Bluetooth] Active probe failed: WinRT async operation timed out after 4000ms
2026-05-21 18:41:01.263 [INFO] [Poll] Active probe restored connection
2026-05-21 18:41:05.330 [INFO] [Bluetooth] Active probe failed: WinRT async operation timed out after 4000ms
2026-05-21 18:41:05.350 [INFO] [Session] SessionLock detected
2026-05-21 18:41:05.353 [INFO] [App] Workstation locked (by us or otherwise)
2026-05-21 18:41:05.354 [INFO] [State] Monitoring -> Locked
2026-05-21 18:41:20.481 [INFO] [Session] SessionUnlock detected
2026-05-21 18:41:20.485 [INFO] [App] Workstation unlocked
2026-05-21 18:41:20.489 [INFO] [App] Grace period armed: 30s (until 18:41:50). Reason: workstation unlocked
2026-05-21 18:41:20.490 [INFO] [State] Locked -> Monitoring
2026-05-21 18:41:22.447 [INFO] [Poll] Active probe restored connection
2026-05-21 18:41:30.120 [INFO] [Poll] Active probe restored connection
2026-05-21 18:41:32.876 [INFO] [Poll] Active probe restored connection
2026-05-21 18:41:35.316 [INFO] [Poll] Active probe restored connection
2026-05-21 18:41:39.337 [INFO] [Poll] Active probe restored connection
2026-05-21 18:41:47.039 [INFO] [Poll] Active probe restored connection
2026-05-21 18:41:50.516 [INFO] [Poll] Active probe restored connection
2026-05-21 18:41:53.322 [INFO] [Poll] Active probe restored connection
2026-05-21 18:41:56.937 [INFO] [Poll] Active probe restored connection
2026-05-21 18:42:02.241 [INFO] [Poll] Active probe restored connection
2026-05-21 18:42:08.430 [INFO] [Bluetooth] Active probe failed: WinRT async operation timed out after 4000ms
2026-05-21 18:42:12.513 [INFO] [Bluetooth] Active probe failed: WinRT async operation timed out after 4000ms
2026-05-21 18:42:16.597 [INFO] [Bluetooth] Active probe failed: WinRT async operation timed out after 4000ms
2026-05-21 18:42:20.640 [INFO] [Bluetooth] Active probe failed: WinRT async operation timed out after 4000ms
2026-05-21 18:42:24.678 [INFO] [Bluetooth] Active probe failed: WinRT async operation timed out after 4000ms
2026-05-21 18:42:28.716 [INFO] [Bluetooth] Active probe failed: WinRT async operation timed out after 4000ms
2026-05-21 18:42:32.768 [INFO] [Bluetooth] Active probe failed: WinRT async operation timed out after 4000ms
2026-05-21 18:42:36.827 [INFO] [Bluetooth] Active probe failed: WinRT async operation timed out after 4000ms
2026-05-21 18:42:36.829 [INFO] [Poll] Lock suppressed by user activity (idle=0s < 30s). Would-be reason: Bluetooth sustained disconnected for 28s
2026-05-21 18:42:40.875 [INFO] [Bluetooth] Active probe failed: WinRT async operation timed out after 4000ms
2026-05-21 18:42:40.877 [INFO] [Poll] Lock suppressed by user activity (idle=0s < 30s). Would-be reason: Bluetooth sustained disconnected for 32s
2026-05-21 18:42:44.914 [INFO] [Bluetooth] Active probe failed: WinRT async operation timed out after 4000ms
2026-05-21 18:42:44.916 [INFO] [Poll] Lock suppressed by user activity (idle=1s < 30s). Would-be reason: Bluetooth sustained disconnected for 36s
2026-05-21 18:42:48.966 [INFO] [Bluetooth] Active probe failed: WinRT async operation timed out after 4000ms
2026-05-21 18:42:48.977 [INFO] [Poll] Lock suppressed by user activity (idle=0s < 30s). Would-be reason: Bluetooth sustained disconnected for 41s
2026-05-21 18:42:53.025 [INFO] [Bluetooth] Active probe failed: WinRT async operation timed out after 4000ms
2026-05-21 18:42:53.026 [INFO] [Poll] Lock suppressed by user activity (idle=0s < 30s). Would-be reason: Bluetooth sustained disconnected for 45s
2026-05-21 18:42:57.068 [INFO] [Bluetooth] Active probe failed: WinRT async operation timed out after 4000ms
2026-05-21 18:42:57.077 [INFO] [Poll] Lock suppressed by user activity (idle=4s < 30s). Would-be reason: Bluetooth sustained disconnected for 49s
2026-05-21 18:43:01.178 [INFO] [Bluetooth] Active probe failed: WinRT async operation timed out after 4000ms
2026-05-21 18:43:01.181 [INFO] [Poll] Lock suppressed by user activity (idle=8s < 30s). Would-be reason: Bluetooth sustained disconnected for 53s
2026-05-21 18:43:04.472 [INFO] [Poll] Active probe restored connection
2026-05-21 18:43:08.551 [INFO] [Bluetooth] Active probe failed: WinRT async operation timed out after 4000ms
2026-05-21 18:43:12.631 [INFO] [Bluetooth] Active probe failed: WinRT async operation timed out after 4000ms
2026-05-21 18:43:16.669 [INFO] [Bluetooth] Active probe failed: WinRT async operation timed out after 4000ms
2026-05-21 18:43:20.757 [INFO] [Bluetooth] Active probe failed: WinRT async operation timed out after 4000ms
2026-05-21 18:43:24.811 [INFO] [Bluetooth] Active probe failed: WinRT async operation timed out after 4000ms
2026-05-21 18:43:28.859 [INFO] [Bluetooth] Active probe failed: WinRT async operation timed out after 4000ms
2026-05-21 18:43:32.931 [INFO] [Bluetooth] Active probe failed: WinRT async operation timed out after 4000ms
2026-05-21 18:43:37.030 [INFO] [Bluetooth] Active probe failed: WinRT async operation timed out after 4000ms
2026-05-21 18:43:37.036 [INFO] [Poll] Lock suppressed by user activity (idle=0s < 30s). Would-be reason: Bluetooth sustained disconnected for 28s
2026-05-21 18:43:41.126 [INFO] [Bluetooth] Active probe failed: WinRT async operation timed out after 4000ms
2026-05-21 18:43:41.132 [INFO] [Poll] Lock suppressed by user activity (idle=0s < 30s). Would-be reason: Bluetooth sustained disconnected for 33s
2026-05-21 18:43:45.237 [INFO] [Bluetooth] Active probe failed: WinRT async operation timed out after 4000ms
2026-05-21 18:43:45.239 [INFO] [Poll] Lock suppressed by user activity (idle=0s < 30s). Would-be reason: Bluetooth sustained disconnected for 37s
2026-05-21 18:43:49.303 [INFO] [Bluetooth] Active probe failed: WinRT async operation timed out after 4000ms
2026-05-21 18:43:49.307 [INFO] [Poll] Lock suppressed by user activity (idle=1s < 30s). Would-be reason: Bluetooth sustained disconnected for 41s
2026-05-21 18:43:53.410 [INFO] [Bluetooth] Active probe failed: WinRT async operation timed out after 4000ms
2026-05-21 18:43:53.411 [INFO] [Poll] Lock suppressed by user activity (idle=1s < 30s). Would-be reason: Bluetooth sustained disconnected for 45s
2026-05-21 18:43:57.446 [INFO] [Bluetooth] Active probe failed: WinRT async operation timed out after 4000ms
2026-05-21 18:43:57.455 [INFO] [Poll] Lock suppressed by user activity (idle=1s < 30s). Would-be reason: Bluetooth sustained disconnected for 49s
2026-05-21 18:44:01.549 [INFO] [Bluetooth] Active probe failed: WinRT async operation timed out after 4000ms
2026-05-21 18:44:01.554 [INFO] [Poll] Lock suppressed by user activity (idle=0s < 30s). Would-be reason: Bluetooth sustained disconnected for 53s
2026-05-21 18:44:04.584 [INFO] [Poll] Active probe restored connection
2026-05-21 18:44:06.622 [INFO] [Poll] Active probe restored connection
2026-05-21 18:44:14.021 [INFO] [Poll] Active probe restored connection
2026-05-21 18:44:21.956 [INFO] [Poll] Active probe restored connection
2026-05-21 18:44:27.029 [INFO] [Poll] Active probe restored connection
2026-05-21 18:44:29.602 [INFO] [Poll] Active probe restored connection
2026-05-21 18:44:33.345 [INFO] [Poll] Active probe restored connection
2026-05-21 18:44:38.396 [INFO] [Poll] Active probe restored connection
2026-05-21 18:44:42.257 [INFO] [Poll] Active probe restored connection
2026-05-21 18:44:44.505 [INFO] [Poll] Active probe restored connection
2026-05-21 18:44:47.199 [INFO] [Poll] Active probe restored connection
2026-05-21 18:44:53.426 [INFO] [Bluetooth] Active probe failed: WinRT async operation timed out after 4000ms
2026-05-21 18:44:56.221 [INFO] [Poll] Active probe restored connection
2026-05-21 18:45:02.421 [INFO] [Bluetooth] Active probe failed: WinRT async operation timed out after 4000ms
2026-05-21 18:45:06.465 [INFO] [Bluetooth] Active probe failed: WinRT async operation timed out after 4000ms
2026-05-21 18:45:10.525 [INFO] [Bluetooth] Active probe failed: WinRT async operation timed out after 4000ms
2026-05-21 18:45:14.564 [INFO] [Bluetooth] Active probe failed: WinRT async operation timed out after 4000ms
2026-05-21 18:45:18.615 [INFO] [Bluetooth] Active probe failed: WinRT async operation timed out after 4000ms
2026-05-21 18:45:22.664 [INFO] [Bluetooth] Active probe failed: WinRT async operation timed out after 4000ms
2026-05-21 18:45:26.721 [INFO] [Bluetooth] Active probe failed: WinRT async operation timed out after 4000ms
2026-05-21 18:45:30.767 [INFO] [Bluetooth] Active probe failed: WinRT async operation timed out after 4000ms
2026-05-21 18:45:30.769 [INFO] [Poll] Lock suppressed by user activity (idle=0s < 30s). Would-be reason: Bluetooth sustained disconnected for 28s
2026-05-21 18:45:34.818 [INFO] [Bluetooth] Active probe failed: WinRT async operation timed out after 4000ms
2026-05-21 18:45:34.820 [INFO] [Poll] Lock suppressed by user activity (idle=0s < 30s). Would-be reason: Bluetooth sustained disconnected for 32s
2026-05-21 18:45:38.859 [INFO] [Bluetooth] Active probe failed: WinRT async operation timed out after 4000ms
2026-05-21 18:45:38.862 [INFO] [Poll] Lock suppressed by user activity (idle=0s < 30s). Would-be reason: Bluetooth sustained disconnected for 36s
2026-05-21 18:45:42.908 [INFO] [Bluetooth] Active probe failed: WinRT async operation timed out after 4000ms
2026-05-21 18:45:42.912 [INFO] [Poll] Lock suppressed by user activity (idle=1s < 30s). Would-be reason: Bluetooth sustained disconnected for 40s
2026-05-21 18:45:46.961 [INFO] [Bluetooth] Active probe failed: WinRT async operation timed out after 4000ms
2026-05-21 18:45:46.962 [INFO] [Poll] Lock suppressed by user activity (idle=0s < 30s). Would-be reason: Bluetooth sustained disconnected for 45s
2026-05-21 18:45:51.004 [INFO] [Bluetooth] Active probe failed: WinRT async operation timed out after 4000ms
2026-05-21 18:45:51.005 [INFO] [Poll] Lock suppressed by user activity (idle=2s < 30s). Would-be reason: Bluetooth sustained disconnected for 49s
2026-05-21 18:45:55.057 [INFO] [Bluetooth] Active probe failed: WinRT async operation timed out after 4000ms
2026-05-21 18:45:55.060 [INFO] [Poll] Lock suppressed by user activity (idle=0s < 30s). Would-be reason: Bluetooth sustained disconnected for 53s
2026-05-21 18:45:58.463 [INFO] [Poll] Active probe restored connection
2026-05-21 18:46:02.310 [INFO] [Poll] Active probe restored connection
2026-05-21 18:46:08.420 [INFO] [Bluetooth] Active probe failed: WinRT async operation timed out after 4000ms
2026-05-21 18:46:12.464 [INFO] [Bluetooth] Active probe failed: WinRT async operation timed out after 4000ms
2026-05-21 18:46:15.058 [INFO] [Poll] Active probe restored connection
2026-05-21 18:46:19.119 [INFO] [Bluetooth] Active probe failed: WinRT async operation timed out after 4000ms
2026-05-21 18:46:23.178 [INFO] [Bluetooth] Active probe failed: WinRT async operation timed out after 4000ms
2026-05-21 18:46:27.218 [INFO] [Bluetooth] Active probe failed: WinRT async operation timed out after 4000ms
2026-05-21 18:46:31.269 [INFO] [Bluetooth] Active probe failed: WinRT async operation timed out after 4000ms
2026-05-21 18:46:35.314 [INFO] [Bluetooth] Active probe failed: WinRT async operation timed out after 4000ms
2026-05-21 18:46:36.880 [INFO] [Poll] Active probe restored connection
2026-05-21 18:46:42.631 [INFO] [Poll] Active probe restored connection
2026-05-21 18:46:50.443 [INFO] [Bluetooth] Active probe failed: WinRT async operation timed out after 4000ms
2026-05-21 18:46:54.473 [INFO] [Bluetooth] Active probe failed: WinRT async operation timed out after 4000ms
2026-05-21 18:46:58.515 [INFO] [Bluetooth] Active probe failed: WinRT async operation timed out after 4000ms
2026-05-21 18:47:02.565 [INFO] [Bluetooth] Active probe failed: WinRT async operation timed out after 4000ms
2026-05-21 18:47:06.612 [INFO] [Bluetooth] Active probe failed: WinRT async operation timed out after 4000ms
2026-05-21 18:47:10.657 [INFO] [Bluetooth] Active probe failed: WinRT async operation timed out after 4000ms
2026-05-21 18:47:14.697 [INFO] [Bluetooth] Active probe failed: WinRT async operation timed out after 4000ms
2026-05-21 18:47:18.740 [INFO] [Bluetooth] Active probe failed: WinRT async operation timed out after 4000ms
2026-05-21 18:47:18.743 [INFO] [Poll] Lock suppressed by user activity (idle=0s < 30s). Would-be reason: Bluetooth sustained disconnected for 28s
2026-05-21 18:47:22.776 [INFO] [Bluetooth] Active probe failed: WinRT async operation timed out after 4000ms
2026-05-21 18:47:22.777 [INFO] [Poll] Lock suppressed by user activity (idle=1s < 30s). Would-be reason: Bluetooth sustained disconnected for 32s
2026-05-21 18:47:26.821 [INFO] [Bluetooth] Active probe failed: WinRT async operation timed out after 4000ms
2026-05-21 18:47:26.824 [INFO] [Poll] Lock suppressed by user activity (idle=0s < 30s). Would-be reason: Bluetooth sustained disconnected for 36s
2026-05-21 18:47:30.878 [INFO] [Bluetooth] Active probe failed: WinRT async operation timed out after 4000ms
2026-05-21 18:47:30.882 [INFO] [Poll] Lock suppressed by user activity (idle=0s < 30s). Would-be reason: Bluetooth sustained disconnected for 40s
2026-05-21 18:47:34.916 [INFO] [Bluetooth] Active probe failed: WinRT async operation timed out after 4000ms
2026-05-21 18:47:34.917 [INFO] [Poll] Lock suppressed by user activity (idle=0s < 30s). Would-be reason: Bluetooth sustained disconnected for 44s
2026-05-21 18:47:38.945 [INFO] [Bluetooth] Active probe failed: WinRT async operation timed out after 4000ms
2026-05-21 18:47:38.947 [INFO] [Poll] Lock suppressed by user activity (idle=0s < 30s). Would-be reason: Bluetooth sustained disconnected for 49s
2026-05-21 18:47:43.008 [INFO] [Bluetooth] Active probe failed: WinRT async operation timed out after 4000ms
2026-05-21 18:47:43.010 [INFO] [Poll] Lock suppressed by user activity (idle=0s < 30s). Would-be reason: Bluetooth sustained disconnected for 53s
2026-05-21 18:47:47.070 [INFO] [Bluetooth] Active probe failed: WinRT async operation timed out after 4000ms
2026-05-21 18:47:47.072 [INFO] [Poll] Lock suppressed by user activity (idle=0s < 30s). Would-be reason: Bluetooth sustained disconnected for 57s
2026-05-21 18:47:51.134 [INFO] [Bluetooth] Active probe failed: WinRT async operation timed out after 4000ms
2026-05-21 18:47:51.137 [INFO] [Poll] Lock suppressed by user activity (idle=0s < 30s). Would-be reason: Bluetooth sustained disconnected for 61s
2026-05-21 18:47:55.193 [INFO] [Bluetooth] Active probe failed: WinRT async operation timed out after 4000ms
2026-05-21 18:47:55.195 [INFO] [Poll] Lock suppressed by user activity (idle=0s < 30s). Would-be reason: Bluetooth sustained disconnected for 65s
2026-05-21 18:47:59.244 [INFO] [Bluetooth] Active probe failed: WinRT async operation timed out after 4000ms
2026-05-21 18:47:59.248 [INFO] [Poll] Lock suppressed by user activity (idle=0s < 30s). Would-be reason: Bluetooth sustained disconnected for 69s
2026-05-21 18:48:03.302 [INFO] [Bluetooth] Active probe failed: WinRT async operation timed out after 4000ms
2026-05-21 18:48:03.304 [INFO] [Poll] Lock suppressed by user activity (idle=0s < 30s). Would-be reason: Bluetooth sustained disconnected for 73s
2026-05-21 18:48:07.334 [INFO] [Bluetooth] Active probe failed: WinRT async operation timed out after 4000ms
2026-05-21 18:48:07.335 [INFO] [Poll] Lock suppressed by user activity (idle=0s < 30s). Would-be reason: Bluetooth sustained disconnected for 77s
2026-05-21 18:48:11.385 [INFO] [Bluetooth] Active probe failed: WinRT async operation timed out after 4000ms
2026-05-21 18:48:11.386 [INFO] [Poll] Lock suppressed by user activity (idle=0s < 30s). Would-be reason: Bluetooth sustained disconnected for 81s
2026-05-21 18:48:15.428 [INFO] [Bluetooth] Active probe failed: WinRT async operation timed out after 4000ms
2026-05-21 18:48:15.430 [INFO] [Poll] Lock suppressed by user activity (idle=0s < 30s). Would-be reason: Bluetooth sustained disconnected for 85s
2026-05-21 18:48:19.486 [INFO] [Bluetooth] Active probe failed: WinRT async operation timed out after 4000ms
2026-05-21 18:48:19.487 [INFO] [Poll] Lock suppressed by user activity (idle=0s < 30s). Would-be reason: Bluetooth sustained disconnected for 89s
2026-05-21 18:48:26.428 [INFO] [Bluetooth] Active probe failed: WinRT async operation timed out after 4000ms
2026-05-21 18:48:30.469 [INFO] [Bluetooth] Active probe failed: WinRT async operation timed out after 4000ms
2026-05-21 18:48:34.524 [INFO] [Bluetooth] Active probe failed: WinRT async operation timed out after 4000ms
2026-05-21 18:48:38.572 [INFO] [Bluetooth] Active probe failed: WinRT async operation timed out after 4000ms
2026-05-21 18:48:42.608 [INFO] [Bluetooth] Active probe failed: WinRT async operation timed out after 4000ms
2026-05-21 18:48:46.656 [INFO] [Bluetooth] Active probe failed: WinRT async operation timed out after 4000ms
2026-05-21 18:48:50.708 [INFO] [Bluetooth] Active probe failed: WinRT async operation timed out after 4000ms
2026-05-21 18:48:54.746 [INFO] [Bluetooth] Active probe failed: WinRT async operation timed out after 4000ms
2026-05-21 18:48:54.748 [INFO] [Poll] Lock suppressed by user activity (idle=0s < 30s). Would-be reason: Bluetooth sustained disconnected for 28s
2026-05-21 18:48:58.793 [INFO] [Bluetooth] Active probe failed: WinRT async operation timed out after 4000ms
2026-05-21 18:48:58.795 [INFO] [Poll] Lock suppressed by user activity (idle=0s < 30s). Would-be reason: Bluetooth sustained disconnected for 32s
2026-05-21 18:49:02.840 [INFO] [Bluetooth] Active probe failed: WinRT async operation timed out after 4000ms
2026-05-21 18:49:02.841 [INFO] [Poll] Lock suppressed by user activity (idle=0s < 30s). Would-be reason: Bluetooth sustained disconnected for 36s
2026-05-21 18:49:06.893 [INFO] [Bluetooth] Active probe failed: WinRT async operation timed out after 4000ms
2026-05-21 18:49:06.895 [INFO] [Poll] Lock suppressed by user activity (idle=0s < 30s). Would-be reason: Bluetooth sustained disconnected for 40s
2026-05-21 18:49:10.938 [INFO] [Bluetooth] Active probe failed: WinRT async operation timed out after 4000ms
2026-05-21 18:49:10.939 [INFO] [Poll] Lock suppressed by user activity (idle=0s < 30s). Would-be reason: Bluetooth sustained disconnected for 45s
2026-05-21 18:49:14.979 [INFO] [Bluetooth] Active probe failed: WinRT async operation timed out after 4000ms
2026-05-21 18:49:14.981 [INFO] [Poll] Lock suppressed by user activity (idle=0s < 30s). Would-be reason: Bluetooth sustained disconnected for 49s
2026-05-21 18:49:19.029 [INFO] [Bluetooth] Active probe failed: WinRT async operation timed out after 4000ms
2026-05-21 18:49:19.032 [INFO] [Poll] Lock suppressed by user activity (idle=0s < 30s). Would-be reason: Bluetooth sustained disconnected for 53s
2026-05-21 18:49:22.454 [INFO] [Poll] Active probe restored connection
2026-05-21 18:49:24.254 [INFO] [Poll] Active probe restored connection
2026-05-21 18:49:29.408 [INFO] [Bluetooth] Active probe failed: WinRT async operation timed out after 4000ms
2026-05-21 18:49:33.445 [INFO] [Bluetooth] Active probe failed: WinRT async operation timed out after 4000ms
2026-05-21 18:49:37.495 [INFO] [Bluetooth] Active probe failed: WinRT async operation timed out after 4000ms
2026-05-21 18:49:41.642 [INFO] [Bluetooth] Active probe failed: WinRT async operation timed out after 4000ms
2026-05-21 18:49:45.690 [INFO] [Bluetooth] Active probe failed: WinRT async operation timed out after 4000ms
2026-05-21 18:49:49.736 [INFO] [Bluetooth] Active probe failed: WinRT async operation timed out after 4000ms
2026-05-21 18:49:53.774 [INFO] [Bluetooth] Active probe failed: WinRT async operation timed out after 4000ms
2026-05-21 18:49:57.822 [INFO] [Bluetooth] Active probe failed: WinRT async operation timed out after 4000ms
2026-05-21 18:49:57.824 [INFO] [Poll] Lock suppressed by user activity (idle=0s < 30s). Would-be reason: Bluetooth sustained disconnected for 28s
2026-05-21 18:50:01.882 [INFO] [Bluetooth] Active probe failed: WinRT async operation timed out after 4000ms
2026-05-21 18:50:01.884 [INFO] [Poll] Lock suppressed by user activity (idle=0s < 30s). Would-be reason: Bluetooth sustained disconnected for 32s
2026-05-21 18:50:05.931 [INFO] [Bluetooth] Active probe failed: WinRT async operation timed out after 4000ms
2026-05-21 18:50:05.932 [INFO] [Poll] Lock suppressed by user activity (idle=0s < 30s). Would-be reason: Bluetooth sustained disconnected for 37s
2026-05-21 18:50:09.984 [INFO] [Bluetooth] Active probe failed: WinRT async operation timed out after 4000ms
2026-05-21 18:50:09.986 [INFO] [Poll] Lock suppressed by user activity (idle=0s < 30s). Would-be reason: Bluetooth sustained disconnected for 41s
2026-05-21 18:50:14.040 [INFO] [Bluetooth] Active probe failed: WinRT async operation timed out after 4000ms
2026-05-21 18:50:14.041 [INFO] [Poll] Lock suppressed by user activity (idle=0s < 30s). Would-be reason: Bluetooth sustained disconnected for 45s
2026-05-21 18:50:18.095 [INFO] [Bluetooth] Active probe failed: WinRT async operation timed out after 4000ms
2026-05-21 18:50:18.098 [INFO] [Poll] Lock suppressed by user activity (idle=0s < 30s). Would-be reason: Bluetooth sustained disconnected for 49s
2026-05-21 18:50:22.145 [INFO] [Bluetooth] Active probe failed: WinRT async operation timed out after 4000ms
2026-05-21 18:50:22.146 [INFO] [Poll] Lock suppressed by user activity (idle=0s < 30s). Would-be reason: Bluetooth sustained disconnected for 53s
2026-05-21 18:50:25.464 [INFO] [Poll] Active probe restored connection
2026-05-21 18:50:25.574 [INFO] [Poll] Active probe restored connection
2026-05-21 18:50:25.681 [INFO] [Poll] Active probe restored connection
2026-05-21 18:50:25.783 [INFO] [Poll] Active probe restored connection
2026-05-21 18:50:25.889 [INFO] [Poll] Active probe restored connection
2026-05-21 18:50:25.992 [INFO] [Poll] Active probe restored connection
2026-05-21 18:50:26.096 [INFO] [Poll] Active probe restored connection
2026-05-21 18:50:28.451 [INFO] [Poll] Active probe restored connection
2026-05-21 18:50:31.460 [INFO] [Poll] Active probe restored connection
2026-05-21 18:50:38.410 [INFO] [Bluetooth] Active probe failed: WinRT async operation timed out after 4000ms
2026-05-21 18:50:42.462 [INFO] [Bluetooth] Active probe failed: WinRT async operation timed out after 4000ms
2026-05-21 18:50:46.502 [INFO] [Bluetooth] Active probe failed: WinRT async operation timed out after 4000ms
2026-05-21 18:50:50.538 [INFO] [Bluetooth] Active probe failed: WinRT async operation timed out after 4000ms
2026-05-21 18:50:54.582 [INFO] [Bluetooth] Active probe failed: WinRT async operation timed out after 4000ms
2026-05-21 18:50:58.636 [INFO] [Bluetooth] Active probe failed: WinRT async operation timed out after 4000ms
2026-05-21 18:51:02.690 [INFO] [Bluetooth] Active probe failed: WinRT async operation timed out after 4000ms
2026-05-21 18:51:06.727 [INFO] [Bluetooth] Active probe failed: WinRT async operation timed out after 4000ms
2026-05-21 18:51:06.729 [INFO] [Poll] Lock suppressed by user activity (idle=0s < 30s). Would-be reason: Bluetooth sustained disconnected for 28s
2026-05-21 18:51:10.793 [INFO] [Bluetooth] Active probe failed: WinRT async operation timed out after 4000ms
2026-05-21 18:51:10.795 [INFO] [Poll] Lock suppressed by user activity (idle=0s < 30s). Would-be reason: Bluetooth sustained disconnected for 32s
2026-05-21 18:51:14.832 [INFO] [Bluetooth] Active probe failed: WinRT async operation timed out after 4000ms
2026-05-21 18:51:14.835 [INFO] [Poll] Lock suppressed by user activity (idle=0s < 30s). Would-be reason: Bluetooth sustained disconnected for 36s
2026-05-21 18:51:18.889 [INFO] [Bluetooth] Active probe failed: WinRT async operation timed out after 4000ms
2026-05-21 18:51:18.890 [INFO] [Poll] Lock suppressed by user activity (idle=1s < 30s). Would-be reason: Bluetooth sustained disconnected for 40s
2026-05-21 18:51:22.942 [INFO] [Bluetooth] Active probe failed: WinRT async operation timed out after 4000ms
2026-05-21 18:51:22.943 [INFO] [Poll] Lock suppressed by user activity (idle=0s < 30s). Would-be reason: Bluetooth sustained disconnected for 45s
2026-05-21 18:51:26.994 [INFO] [Bluetooth] Active probe failed: WinRT async operation timed out after 4000ms
2026-05-21 18:51:26.997 [INFO] [Poll] Lock suppressed by user activity (idle=0s < 30s). Would-be reason: Bluetooth sustained disconnected for 49s
2026-05-21 18:51:31.035 [INFO] [Bluetooth] Active probe failed: WinRT async operation timed out after 4000ms
2026-05-21 18:51:31.037 [INFO] [Poll] Lock suppressed by user activity (idle=1s < 30s). Would-be reason: Bluetooth sustained disconnected for 53s
2026-05-21 18:51:34.472 [INFO] [Poll] Active probe restored connection
2026-05-21 18:51:38.548 [INFO] [Bluetooth] Active probe failed: WinRT async operation timed out after 4000ms
2026-05-21 18:51:42.592 [INFO] [Bluetooth] Active probe failed: WinRT async operation timed out after 4000ms
2026-05-21 18:51:46.654 [INFO] [Bluetooth] Active probe failed: WinRT async operation timed out after 4000ms
2026-05-21 18:51:50.699 [INFO] [Bluetooth] Active probe failed: WinRT async operation timed out after 4000ms
2026-05-21 18:51:54.750 [INFO] [Bluetooth] Active probe failed: WinRT async operation timed out after 4000ms
2026-05-21 18:51:58.802 [INFO] [Bluetooth] Active probe failed: WinRT async operation timed out after 4000ms
2026-05-21 18:52:02.857 [INFO] [Bluetooth] Active probe failed: WinRT async operation timed out after 4000ms
2026-05-21 18:52:06.913 [INFO] [Bluetooth] Active probe failed: WinRT async operation timed out after 4000ms
2026-05-21 18:52:06.915 [INFO] [Poll] Lock suppressed by user activity (idle=0s < 30s). Would-be reason: Bluetooth sustained disconnected for 28s
2026-05-21 18:52:10.960 [INFO] [Bluetooth] Active probe failed: WinRT async operation timed out after 4000ms
2026-05-21 18:52:10.961 [INFO] [Poll] Lock suppressed by user activity (idle=1s < 30s). Would-be reason: Bluetooth sustained disconnected for 32s
2026-05-21 18:52:14.990 [INFO] [Bluetooth] Active probe failed: WinRT async operation timed out after 4000ms
2026-05-21 18:52:14.992 [INFO] [Poll] Lock suppressed by user activity (idle=2s < 30s). Would-be reason: Bluetooth sustained disconnected for 36s
2026-05-21 18:52:19.022 [INFO] [Bluetooth] Active probe failed: WinRT async operation timed out after 4000ms
2026-05-21 18:52:19.025 [INFO] [Poll] Lock suppressed by user activity (idle=0s < 30s). Would-be reason: Bluetooth sustained disconnected for 40s
2026-05-21 18:52:23.067 [INFO] [Bluetooth] Active probe failed: WinRT async operation timed out after 4000ms
2026-05-21 18:52:23.068 [INFO] [Poll] Lock suppressed by user activity (idle=0s < 30s). Would-be reason: Bluetooth sustained disconnected for 45s
2026-05-21 18:52:27.111 [INFO] [Bluetooth] Active probe failed: WinRT async operation timed out after 4000ms
2026-05-21 18:52:27.112 [INFO] [Poll] Lock suppressed by user activity (idle=0s < 30s). Would-be reason: Bluetooth sustained disconnected for 49s
2026-05-21 18:52:31.167 [INFO] [Bluetooth] Active probe failed: WinRT async operation timed out after 4000ms
2026-05-21 18:52:31.169 [INFO] [Poll] Lock suppressed by user activity (idle=0s < 30s). Would-be reason: Bluetooth sustained disconnected for 53s
2026-05-21 18:52:35.207 [INFO] [Bluetooth] Active probe failed: WinRT async operation timed out after 4000ms
2026-05-21 18:52:35.209 [INFO] [Poll] Lock suppressed by user activity (idle=0s < 30s). Would-be reason: Bluetooth sustained disconnected for 57s
2026-05-21 18:52:39.250 [INFO] [Bluetooth] Active probe failed: WinRT async operation timed out after 4000ms
2026-05-21 18:52:39.252 [INFO] [Poll] Lock suppressed by user activity (idle=0s < 30s). Would-be reason: Bluetooth sustained disconnected for 61s
2026-05-21 18:52:43.303 [INFO] [Bluetooth] Active probe failed: WinRT async operation timed out after 4000ms
2026-05-21 18:52:43.304 [INFO] [Poll] Lock suppressed by user activity (idle=0s < 30s). Would-be reason: Bluetooth sustained disconnected for 65s
2026-05-21 18:52:47.352 [INFO] [Bluetooth] Active probe failed: WinRT async operation timed out after 4000ms
2026-05-21 18:52:47.355 [INFO] [Poll] Lock suppressed by user activity (idle=0s < 30s). Would-be reason: Bluetooth sustained disconnected for 69s
2026-05-21 18:52:51.395 [INFO] [Bluetooth] Active probe failed: WinRT async operation timed out after 4000ms
2026-05-21 18:52:51.397 [INFO] [Poll] Lock suppressed by user activity (idle=0s < 30s). Would-be reason: Bluetooth sustained disconnected for 73s
2026-05-21 18:52:55.425 [INFO] [Bluetooth] Active probe failed: WinRT async operation timed out after 4000ms
2026-05-21 18:52:55.428 [INFO] [Poll] Lock suppressed by user activity (idle=0s < 30s). Would-be reason: Bluetooth sustained disconnected for 77s
2026-05-21 18:52:59.469 [INFO] [Bluetooth] Active probe failed: WinRT async operation timed out after 4000ms
2026-05-21 18:52:59.471 [INFO] [Poll] Lock suppressed by user activity (idle=0s < 30s). Would-be reason: Bluetooth sustained disconnected for 81s
2026-05-21 18:53:03.508 [INFO] [Bluetooth] Active probe failed: WinRT async operation timed out after 4000ms
2026-05-21 18:53:03.509 [INFO] [Poll] Lock suppressed by user activity (idle=0s < 30s). Would-be reason: Bluetooth sustained disconnected for 85s
2026-05-21 18:53:07.566 [INFO] [Bluetooth] Active probe failed: WinRT async operation timed out after 4000ms
2026-05-21 18:53:07.568 [INFO] [Poll] Lock suppressed by user activity (idle=0s < 30s). Would-be reason: Bluetooth sustained disconnected for 89s
2026-05-21 18:53:11.614 [INFO] [Bluetooth] Active probe failed: WinRT async operation timed out after 4000ms
2026-05-21 18:53:11.617 [INFO] [Poll] Lock suppressed by user activity (idle=1s < 30s). Would-be reason: Bluetooth sustained disconnected for 93s
2026-05-21 18:53:15.663 [INFO] [Bluetooth] Active probe failed: WinRT async operation timed out after 4000ms
2026-05-21 18:53:15.666 [INFO] [Poll] Lock suppressed by user activity (idle=1s < 30s). Would-be reason: Bluetooth sustained disconnected for 97s
2026-05-21 18:53:19.729 [INFO] [Bluetooth] Active probe failed: WinRT async operation timed out after 4000ms
2026-05-21 18:53:19.731 [INFO] [Poll] Lock suppressed by user activity (idle=0s < 30s). Would-be reason: Bluetooth sustained disconnected for 101s
2026-05-21 18:53:23.770 [INFO] [Bluetooth] Active probe failed: WinRT async operation timed out after 4000ms
2026-05-21 18:53:23.772 [INFO] [Poll] Lock suppressed by user activity (idle=0s < 30s). Would-be reason: Bluetooth sustained disconnected for 105s
2026-05-21 18:53:27.813 [INFO] [Bluetooth] Active probe failed: WinRT async operation timed out after 4000ms
2026-05-21 18:53:27.815 [INFO] [Poll] Lock suppressed by user activity (idle=0s < 30s). Would-be reason: Bluetooth sustained disconnected for 109s
2026-05-21 18:53:31.869 [INFO] [Bluetooth] Active probe failed: WinRT async operation timed out after 4000ms
2026-05-21 18:53:31.871 [INFO] [Poll] Lock suppressed by user activity (idle=1s < 30s). Would-be reason: Bluetooth sustained disconnected for 113s
2026-05-21 18:53:34.475 [INFO] [Poll] Active probe restored connection
2026-05-21 18:53:36.772 [INFO] [Poll] Active probe restored connection
2026-05-21 18:53:41.913 [INFO] [Poll] Active probe restored connection
2026-05-21 18:53:44.556 [INFO] [Poll] Active probe restored connection
2026-05-21 18:53:47.434 [INFO] [Poll] Active probe restored connection
2026-05-21 18:53:52.590 [INFO] [Poll] Active probe restored connection
2026-05-21 18:54:00.240 [INFO] [Poll] Active probe restored connection
2026-05-21 18:54:02.854 [INFO] [Poll] Active probe restored connection
2026-05-21 18:54:05.340 [INFO] [Poll] Active probe restored connection
2026-05-21 18:55:14.439 [INFO] [Bluetooth] Active probe failed: WinRT async operation timed out after 4000ms
2026-05-21 18:55:18.491 [INFO] [Bluetooth] Active probe failed: WinRT async operation timed out after 4000ms
2026-05-21 18:55:22.561 [INFO] [Bluetooth] Active probe failed: WinRT async operation timed out after 4000ms
2026-05-21 18:55:26.614 [INFO] [Bluetooth] Active probe failed: WinRT async operation timed out after 4000ms
2026-05-21 18:55:30.661 [INFO] [Bluetooth] Active probe failed: WinRT async operation timed out after 4000ms
2026-05-21 18:55:34.714 [INFO] [Bluetooth] Active probe failed: WinRT async operation timed out after 4000ms
2026-05-21 18:55:38.764 [INFO] [Bluetooth] Active probe failed: WinRT async operation timed out after 4000ms
2026-05-21 18:55:42.808 [INFO] [Bluetooth] Active probe failed: WinRT async operation timed out after 4000ms
2026-05-21 18:55:42.810 [INFO] [State] Monitoring -> Countdown
2026-05-21 18:55:42.816 [INFO] [Countdown] Starting 10s countdown. Reason: Bluetooth sustained disconnected for 28s
2026-05-21 18:55:47.849 [INFO] [Bluetooth] Active probe failed: WinRT async operation timed out after 4000ms
2026-05-21 18:55:51.879 [INFO] [Bluetooth] Active probe failed: WinRT async operation timed out after 4000ms
2026-05-21 18:55:55.910 [INFO] [Bluetooth] Active probe failed: WinRT async operation timed out after 4000ms
2026-05-21 18:55:59.922 [INFO] [Bluetooth] Active probe failed: WinRT async operation timed out after 4000ms
2026-05-21 18:56:03.957 [INFO] [Bluetooth] Active probe failed: WinRT async operation timed out after 4000ms
2026-05-21 18:56:07.994 [INFO] [Bluetooth] Active probe failed: WinRT async operation timed out after 4000ms
2026-05-21 18:56:08.357 [WARN] [Countdown] Device reconnected/signal recovered during countdown; cancelling lock
2026-05-21 18:56:08.359 [INFO] [State] Countdown -> Monitoring
2026-05-21 18:56:09.532 [INFO] [Poll] Active probe restored connection
2026-05-21 18:56:14.600 [INFO] [Poll] Active probe restored connection
2026-05-21 18:56:17.068 [INFO] [Poll] Active probe restored connection
2026-05-21 18:56:23.511 [INFO] [Poll] Active probe restored connection
2026-05-21 18:56:29.429 [INFO] [Bluetooth] Active probe failed: WinRT async operation timed out after 4000ms
2026-05-21 18:56:33.472 [INFO] [Bluetooth] Active probe failed: WinRT async operation timed out after 4000ms
2026-05-21 18:56:37.515 [INFO] [Bluetooth] Active probe failed: WinRT async operation timed out after 4000ms
2026-05-21 18:56:41.567 [INFO] [Bluetooth] Active probe failed: WinRT async operation timed out after 4000ms
2026-05-21 18:56:45.611 [INFO] [Bluetooth] Active probe failed: WinRT async operation timed out after 4000ms
2026-05-21 18:56:49.645 [INFO] [Bluetooth] Active probe failed: WinRT async operation timed out after 4000ms
2026-05-21 18:56:53.698 [INFO] [Bluetooth] Active probe failed: WinRT async operation timed out after 4000ms
2026-05-21 18:56:57.740 [INFO] [Bluetooth] Active probe failed: WinRT async operation timed out after 4000ms
2026-05-21 18:56:57.743 [INFO] [State] Monitoring -> Countdown
2026-05-21 18:56:57.747 [INFO] [Countdown] Starting 10s countdown. Reason: Bluetooth sustained disconnected for 28s
2026-05-21 18:57:02.811 [INFO] [Bluetooth] Active probe failed: WinRT async operation timed out after 4000ms
2026-05-21 18:57:06.855 [INFO] [Bluetooth] Active probe failed: WinRT async operation timed out after 4000ms
2026-05-21 18:57:10.891 [INFO] [Bluetooth] Active probe failed: WinRT async operation timed out after 4000ms
2026-05-21 18:57:14.915 [INFO] [Bluetooth] Active probe failed: WinRT async operation timed out after 4000ms
2026-05-21 18:57:18.957 [INFO] [Bluetooth] Active probe failed: WinRT async operation timed out after 4000ms
2026-05-21 18:57:22.991 [INFO] [Bluetooth] Active probe failed: WinRT async operation timed out after 4000ms
2026-05-21 18:57:25.459 [WARN] [Countdown] Device reconnected/signal recovered during countdown; cancelling lock
2026-05-21 18:57:25.460 [INFO] [State] Countdown -> Monitoring
2026-05-21 18:57:27.937 [INFO] [Poll] Active probe restored connection
2026-05-21 18:57:32.840 [INFO] [Poll] Active probe restored connection
2026-05-21 18:57:38.974 [INFO] [Poll] Active probe restored connection
2026-05-21 18:57:44.433 [INFO] [Poll] Active probe restored connection
2026-05-21 18:57:48.005 [INFO] [Poll] Active probe restored connection
2026-05-21 18:57:53.500 [INFO] [Poll] Active probe restored connection
2026-05-21 18:57:59.429 [INFO] [Bluetooth] Active probe failed: WinRT async operation timed out after 4000ms
2026-05-21 18:58:03.464 [INFO] [Bluetooth] Active probe failed: WinRT async operation timed out after 4000ms
2026-05-21 18:58:07.505 [INFO] [Bluetooth] Active probe failed: WinRT async operation timed out after 4000ms
2026-05-21 18:58:11.557 [INFO] [Bluetooth] Active probe failed: WinRT async operation timed out after 4000ms
2026-05-21 18:58:15.586 [INFO] [Bluetooth] Active probe failed: WinRT async operation timed out after 4000ms
2026-05-21 18:58:19.621 [INFO] [Bluetooth] Active probe failed: WinRT async operation timed out after 4000ms
2026-05-21 18:58:23.666 [INFO] [Bluetooth] Active probe failed: WinRT async operation timed out after 4000ms
2026-05-21 18:58:27.109 [INFO] [Poll] Active probe restored connection
2026-05-21 18:58:29.062 [INFO] [Poll] Active probe restored connection
2026-05-21 18:58:32.830 [INFO] [Poll] Active probe restored connection
2026-05-21 18:58:35.637 [INFO] [Poll] Active probe restored connection
2026-05-21 18:58:39.453 [INFO] [Poll] Active probe restored connection
2026-05-21 18:58:47.216 [INFO] [Poll] Active probe restored connection
2026-05-21 18:58:50.669 [INFO] [Poll] Active probe restored connection
2026-05-21 18:58:53.451 [INFO] [Poll] Active probe restored connection
2026-05-21 18:59:02.437 [INFO] [Bluetooth] Active probe failed: WinRT async operation timed out after 4000ms
2026-05-21 18:59:06.487 [INFO] [Bluetooth] Active probe failed: WinRT async operation timed out after 4000ms
2026-05-21 18:59:10.546 [INFO] [Bluetooth] Active probe failed: WinRT async operation timed out after 4000ms
2026-05-21 18:59:14.599 [INFO] [Bluetooth] Active probe failed: WinRT async operation timed out after 4000ms
2026-05-21 18:59:18.645 [INFO] [Bluetooth] Active probe failed: WinRT async operation timed out after 4000ms
2026-05-21 18:59:22.684 [INFO] [Bluetooth] Active probe failed: WinRT async operation timed out after 4000ms
2026-05-21 18:59:26.730 [INFO] [Bluetooth] Active probe failed: WinRT async operation timed out after 4000ms
2026-05-21 18:59:29.405 [INFO] [Poll] Active probe restored connection
2026-05-21 18:59:35.429 [INFO] [Bluetooth] Active probe failed: WinRT async operation timed out after 4000ms
2026-05-21 18:59:39.471 [INFO] [Bluetooth] Active probe failed: WinRT async operation timed out after 4000ms
2026-05-21 18:59:43.528 [INFO] [Bluetooth] Active probe failed: WinRT async operation timed out after 4000ms
2026-05-21 18:59:47.575 [INFO] [Bluetooth] Active probe failed: WinRT async operation timed out after 4000ms
2026-05-21 18:59:51.624 [INFO] [Bluetooth] Active probe failed: WinRT async operation timed out after 4000ms
2026-05-21 18:59:55.657 [INFO] [Bluetooth] Active probe failed: WinRT async operation timed out after 4000ms
2026-05-21 18:59:59.700 [INFO] [Bluetooth] Active probe failed: WinRT async operation timed out after 4000ms
2026-05-21 19:00:03.750 [INFO] [Bluetooth] Active probe failed: WinRT async operation timed out after 4000ms
2026-05-21 19:00:03.753 [INFO] [State] Monitoring -> Countdown
2026-05-21 19:00:03.762 [INFO] [Countdown] Starting 10s countdown. Reason: Bluetooth sustained disconnected for 28s
2026-05-21 19:00:08.783 [INFO] [Bluetooth] Active probe failed: WinRT async operation timed out after 4000ms
2026-05-21 19:00:12.821 [INFO] [Bluetooth] Active probe failed: WinRT async operation timed out after 4000ms
2026-05-21 19:00:16.863 [INFO] [Bluetooth] Active probe failed: WinRT async operation timed out after 4000ms
2026-05-21 19:00:20.894 [INFO] [Bluetooth] Active probe failed: WinRT async operation timed out after 4000ms
2026-05-21 19:00:24.923 [INFO] [Bluetooth] Active probe failed: WinRT async operation timed out after 4000ms
2026-05-21 19:00:28.939 [INFO] [Bluetooth] Active probe failed: WinRT async operation timed out after 4000ms
2026-05-21 19:00:31.465 [WARN] [Countdown] Device reconnected/signal recovered during countdown; cancelling lock
2026-05-21 19:00:31.466 [INFO] [State] Countdown -> Monitoring
2026-05-21 19:00:34.720 [INFO] [Poll] Active probe restored connection
2026-05-21 19:00:38.394 [INFO] [Poll] Active probe restored connection
2026-05-21 19:00:42.403 [INFO] [Poll] Active probe restored connection
2026-05-21 19:00:47.492 [INFO] [Poll] Active probe restored connection
2026-05-21 19:00:51.276 [INFO] [Poll] Active probe restored connection
2026-05-21 19:00:56.215 [INFO] [Poll] Active probe restored connection
2026-05-21 19:01:00.356 [INFO] [Poll] Active probe restored connection
2026-05-21 19:01:05.091 [INFO] [Poll] Active probe restored connection
2026-05-21 19:01:11.422 [INFO] [Bluetooth] Active probe failed: WinRT async operation timed out after 4000ms
2026-05-21 19:01:15.467 [INFO] [Bluetooth] Active probe failed: WinRT async operation timed out after 4000ms
2026-05-21 19:01:19.517 [INFO] [Bluetooth] Active probe failed: WinRT async operation timed out after 4000ms
2026-05-21 19:01:23.562 [INFO] [Bluetooth] Active probe failed: WinRT async operation timed out after 4000ms
2026-05-21 19:01:27.614 [INFO] [Bluetooth] Active probe failed: WinRT async operation timed out after 4000ms
2026-05-21 19:01:31.652 [INFO] [Bluetooth] Active probe failed: WinRT async operation timed out after 4000ms
2026-05-21 19:01:35.709 [INFO] [Bluetooth] Active probe failed: WinRT async operation timed out after 4000ms
2026-05-21 19:01:39.749 [INFO] [Bluetooth] Active probe failed: WinRT async operation timed out after 4000ms
2026-05-21 19:01:39.751 [INFO] [State] Monitoring -> Countdown
2026-05-21 19:01:39.757 [INFO] [Countdown] Starting 10s countdown. Reason: Bluetooth sustained disconnected for 28s
2026-05-21 19:01:44.790 [INFO] [Bluetooth] Active probe failed: WinRT async operation timed out after 4000ms
2026-05-21 19:01:48.837 [INFO] [Bluetooth] Active probe failed: WinRT async operation timed out after 4000ms
2026-05-21 19:01:52.884 [INFO] [Bluetooth] Active probe failed: WinRT async operation timed out after 4000ms
2026-05-21 19:01:56.914 [INFO] [Bluetooth] Active probe failed: WinRT async operation timed out after 4000ms
2026-05-21 19:02:00.941 [INFO] [Bluetooth] Active probe failed: WinRT async operation timed out after 4000ms
2026-05-21 19:02:04.968 [INFO] [Bluetooth] Active probe failed: WinRT async operation timed out after 4000ms
2026-05-21 19:02:07.463 [WARN] [Countdown] Device reconnected/signal recovered during countdown; cancelling lock
2026-05-21 19:02:07.465 [INFO] [State] Countdown -> Monitoring
2026-05-21 19:02:09.407 [INFO] [Poll] Active probe restored connection
2026-05-21 19:02:17.426 [INFO] [Bluetooth] Active probe failed: WinRT async operation timed out after 4000ms
2026-05-21 19:02:21.461 [INFO] [Bluetooth] Active probe failed: WinRT async operation timed out after 4000ms
2026-05-21 19:02:25.509 [INFO] [Bluetooth] Active probe failed: WinRT async operation timed out after 4000ms
2026-05-21 19:02:29.569 [INFO] [Bluetooth] Active probe failed: WinRT async operation timed out after 4000ms
2026-05-21 19:02:33.608 [INFO] [Bluetooth] Active probe failed: WinRT async operation timed out after 4000ms
2026-05-21 19:02:37.650 [INFO] [Bluetooth] Active probe failed: WinRT async operation timed out after 4000ms
2026-05-21 19:02:41.675 [INFO] [Bluetooth] Active probe failed: WinRT async operation timed out after 4000ms
2026-05-21 19:02:45.734 [INFO] [Bluetooth] Active probe failed: WinRT async operation timed out after 4000ms
2026-05-21 19:02:45.735 [INFO] [State] Monitoring -> Countdown
2026-05-21 19:02:45.740 [INFO] [Countdown] Starting 10s countdown. Reason: Bluetooth sustained disconnected for 28s
2026-05-21 19:02:50.755 [INFO] [Bluetooth] Active probe failed: WinRT async operation timed out after 4000ms
2026-05-21 19:02:54.769 [INFO] [Bluetooth] Active probe failed: WinRT async operation timed out after 4000ms
2026-05-21 19:02:58.802 [INFO] [Bluetooth] Active probe failed: WinRT async operation timed out after 4000ms
2026-05-21 19:03:02.837 [INFO] [Bluetooth] Active probe failed: WinRT async operation timed out after 4000ms
2026-05-21 19:03:06.878 [INFO] [Bluetooth] Active probe failed: WinRT async operation timed out after 4000ms
2026-05-21 19:03:10.902 [INFO] [Bluetooth] Active probe failed: WinRT async operation timed out after 4000ms
2026-05-21 19:03:13.447 [WARN] [Countdown] Device reconnected/signal recovered during countdown; cancelling lock
2026-05-21 19:03:13.449 [INFO] [State] Countdown -> Monitoring
2026-05-21 19:03:13.556 [INFO] [Poll] Active probe restored connection
2026-05-21 19:03:13.654 [INFO] [Poll] Active probe restored connection
2026-05-21 19:03:13.753 [INFO] [Poll] Active probe restored connection
2026-05-21 19:03:13.857 [INFO] [Poll] Active probe restored connection
2026-05-21 19:03:13.961 [INFO] [Poll] Active probe restored connection
2026-05-21 19:03:14.065 [INFO] [Poll] Active probe restored connection
2026-05-21 19:03:14.172 [INFO] [Poll] Active probe restored connection
2026-05-21 19:03:16.447 [INFO] [Poll] Active probe restored connection
2026-05-21 19:03:19.452 [INFO] [Poll] Active probe restored connection
2026-05-21 19:03:22.495 [INFO] [Poll] Active probe restored connection
2026-05-21 19:03:25.449 [INFO] [Poll] Active probe restored connection
2026-05-21 19:03:27.474 [INFO] [Session] SessionLock detected
2026-05-21 19:03:27.478 [INFO] [App] Workstation locked (by us or otherwise)
2026-05-21 19:03:27.484 [INFO] [State] Monitoring -> Locked
2026-05-21 19:05:22.647 [INFO] [Session] SessionUnlock detected
2026-05-21 19:05:22.649 [INFO] [App] Workstation unlocked
2026-05-21 19:05:22.652 [INFO] [App] Grace period armed: 30s (until 19:05:52). Reason: workstation unlocked
2026-05-21 19:05:22.654 [INFO] [State] Locked -> Monitoring
2026-05-21 19:05:26.832 [INFO] [Bluetooth] Active probe failed: WinRT async operation timed out after 4000ms
2026-05-21 19:05:27.383 [INFO] [Poll] Active probe restored connection
2026-05-21 19:05:28.342 [INFO] [Session] SessionLock detected
2026-05-21 19:05:28.348 [INFO] [App] Workstation locked (by us or otherwise)
2026-05-21 19:05:28.354 [INFO] [State] Monitoring -> Locked
2026-05-21 21:25:01.454 [INFO] [Session] SessionUnlock detected
2026-05-21 21:25:01.458 [INFO] [App] Workstation unlocked
2026-05-21 21:25:01.461 [INFO] [App] Grace period armed: 30s (until 21:25:31). Reason: workstation unlocked
2026-05-21 21:25:01.463 [INFO] [State] Locked -> Monitoring
2026-05-21 21:25:05.818 [INFO] [Bluetooth] Active probe failed: WinRT async operation timed out after 4000ms
2026-05-21 21:25:09.877 [INFO] [Bluetooth] Active probe failed: WinRT async operation timed out after 4000ms
2026-05-21 21:25:13.935 [INFO] [Bluetooth] Active probe failed: WinRT async operation timed out after 4000ms
2026-05-21 21:25:18.003 [INFO] [Bluetooth] Active probe failed: WinRT async operation timed out after 4000ms
2026-05-21 21:25:22.063 [INFO] [Bluetooth] Active probe failed: WinRT async operation timed out after 4000ms
2026-05-21 21:25:26.113 [INFO] [Bluetooth] Active probe failed: WinRT async operation timed out after 4000ms
2026-05-21 21:25:30.176 [INFO] [Bluetooth] Active probe failed: WinRT async operation timed out after 4000ms
2026-05-21 21:25:34.240 [INFO] [Bluetooth] Active probe failed: WinRT async operation timed out after 4000ms
2026-05-21 21:25:34.248 [INFO] [Poll] Lock suppressed by user activity (idle=0s < 30s). Would-be reason: Bluetooth sustained disconnected for 28s
2026-05-21 21:25:38.340 [INFO] [Bluetooth] Active probe failed: WinRT async operation timed out after 4000ms
2026-05-21 21:25:38.345 [INFO] [Poll] Lock suppressed by user activity (idle=4s < 30s). Would-be reason: Bluetooth sustained disconnected for 33s
2026-05-21 21:25:42.415 [INFO] [Bluetooth] Active probe failed: WinRT async operation timed out after 4000ms
2026-05-21 21:25:42.425 [INFO] [Poll] Lock suppressed by user activity (idle=8s < 30s). Would-be reason: Bluetooth sustained disconnected for 37s
2026-05-21 21:25:46.523 [INFO] [Bluetooth] Active probe failed: WinRT async operation timed out after 4000ms
2026-05-21 21:25:46.529 [INFO] [Poll] Lock suppressed by user activity (idle=12s < 30s). Would-be reason: Bluetooth sustained disconnected for 41s
2026-05-21 21:25:50.637 [INFO] [Bluetooth] Active probe failed: WinRT async operation timed out after 4000ms
2026-05-21 21:25:50.642 [INFO] [Poll] Lock suppressed by user activity (idle=16s < 30s). Would-be reason: Bluetooth sustained disconnected for 45s
2026-05-21 21:25:54.763 [INFO] [Bluetooth] Active probe failed: WinRT async operation timed out after 4000ms
2026-05-21 21:25:54.765 [INFO] [Poll] Lock suppressed by user activity (idle=20s < 30s). Would-be reason: Bluetooth sustained disconnected for 49s
2026-05-21 21:25:58.816 [INFO] [Bluetooth] Active probe failed: WinRT async operation timed out after 4000ms
2026-05-21 21:25:58.824 [INFO] [Poll] Lock suppressed by user activity (idle=0s < 30s). Would-be reason: Bluetooth sustained disconnected for 53s
2026-05-21 21:26:01.866 [INFO] [Poll] Active probe restored connection
2026-05-21 21:26:05.948 [INFO] [Bluetooth] Active probe failed: WinRT async operation timed out after 4000ms
2026-05-21 21:26:07.135 [INFO] [Poll] Active probe restored connection
2026-05-21 21:26:11.217 [INFO] [Bluetooth] Active probe failed: WinRT async operation timed out after 4000ms
2026-05-21 21:26:12.395 [INFO] [Poll] Active probe restored connection
2026-05-21 21:26:16.462 [INFO] [Bluetooth] Active probe failed: WinRT async operation timed out after 4000ms
2026-05-21 21:26:17.653 [INFO] [Poll] Active probe restored connection
2026-05-21 21:26:21.733 [INFO] [Bluetooth] Active probe failed: WinRT async operation timed out after 4000ms
2026-05-21 21:26:22.917 [INFO] [Poll] Active probe restored connection
2026-05-21 21:26:27.009 [INFO] [Bluetooth] Active probe failed: WinRT async operation timed out after 4000ms
2026-05-21 21:26:31.121 [INFO] [Bluetooth] Active probe failed: WinRT async operation timed out after 4000ms
2026-05-21 21:26:35.245 [INFO] [Bluetooth] Active probe failed: WinRT async operation timed out after 4000ms
2026-05-21 21:26:39.355 [INFO] [Bluetooth] Active probe failed: WinRT async operation timed out after 4000ms
2026-05-21 21:26:43.419 [INFO] [Bluetooth] Active probe failed: WinRT async operation timed out after 4000ms
2026-05-21 21:26:47.521 [INFO] [Bluetooth] Active probe failed: WinRT async operation timed out after 4000ms
2026-05-21 21:26:51.638 [INFO] [Bluetooth] Active probe failed: WinRT async operation timed out after 4000ms
2026-05-21 21:26:55.760 [INFO] [Bluetooth] Active probe failed: WinRT async operation timed out after 4000ms
2026-05-21 21:26:55.763 [INFO] [Poll] Lock suppressed by user activity (idle=3s < 30s). Would-be reason: Bluetooth sustained disconnected for 29s
2026-05-21 21:26:59.807 [INFO] [Bluetooth] Active probe failed: WinRT async operation timed out after 4000ms
2026-05-21 21:26:59.812 [INFO] [Poll] Lock suppressed by user activity (idle=0s < 30s). Would-be reason: Bluetooth sustained disconnected for 33s
2026-05-21 21:27:03.917 [INFO] [Bluetooth] Active probe failed: WinRT async operation timed out after 4000ms
2026-05-21 21:27:03.922 [INFO] [Poll] Lock suppressed by user activity (idle=0s < 30s). Would-be reason: Bluetooth sustained disconnected for 37s
2026-05-21 21:27:08.021 [INFO] [Bluetooth] Active probe failed: WinRT async operation timed out after 4000ms
2026-05-21 21:27:08.026 [INFO] [Poll] Lock suppressed by user activity (idle=0s < 30s). Would-be reason: Bluetooth sustained disconnected for 41s
2026-05-21 21:27:12.100 [INFO] [Bluetooth] Active probe failed: WinRT async operation timed out after 4000ms
2026-05-21 21:27:12.105 [INFO] [Poll] Lock suppressed by user activity (idle=0s < 30s). Would-be reason: Bluetooth sustained disconnected for 45s
2026-05-21 21:27:16.224 [INFO] [Bluetooth] Active probe failed: WinRT async operation timed out after 4000ms
2026-05-21 21:27:16.226 [INFO] [Poll] Lock suppressed by user activity (idle=0s < 30s). Would-be reason: Bluetooth sustained disconnected for 49s
2026-05-21 21:27:20.269 [INFO] [Bluetooth] Active probe failed: WinRT async operation timed out after 4000ms
2026-05-21 21:27:20.273 [INFO] [Poll] Lock suppressed by user activity (idle=0s < 30s). Would-be reason: Bluetooth sustained disconnected for 53s
2026-05-21 21:27:23.075 [INFO] [Poll] Active probe restored connection
2026-05-21 21:27:27.154 [INFO] [Bluetooth] Active probe failed: WinRT async operation timed out after 4000ms
2026-05-21 21:27:28.357 [INFO] [Poll] Active probe restored connection
2026-05-21 21:27:32.456 [INFO] [Bluetooth] Active probe failed: WinRT async operation timed out after 4000ms
2026-05-21 21:27:36.518 [INFO] [Bluetooth] Active probe failed: WinRT async operation timed out after 4000ms
2026-05-21 21:27:40.569 [INFO] [Bluetooth] Active probe failed: WinRT async operation timed out after 4000ms
2026-05-21 21:27:44.642 [INFO] [Bluetooth] Active probe failed: WinRT async operation timed out after 4000ms
2026-05-21 21:27:48.733 [INFO] [Bluetooth] Active probe failed: WinRT async operation timed out after 4000ms
2026-05-21 21:27:52.783 [INFO] [Bluetooth] Active probe failed: WinRT async operation timed out after 4000ms
2026-05-21 21:27:56.836 [INFO] [Bluetooth] Active probe failed: WinRT async operation timed out after 4000ms
2026-05-21 21:28:00.875 [INFO] [Bluetooth] Active probe failed: WinRT async operation timed out after 4000ms
2026-05-21 21:28:00.882 [INFO] [Poll] Lock suppressed by user activity (idle=2s < 30s). Would-be reason: Bluetooth sustained disconnected for 28s
2026-05-21 21:28:04.936 [INFO] [Bluetooth] Active probe failed: WinRT async operation timed out after 4000ms
2026-05-21 21:28:04.937 [INFO] [Poll] Lock suppressed by user activity (idle=2s < 30s). Would-be reason: Bluetooth sustained disconnected for 32s
2026-05-21 21:28:08.984 [INFO] [Bluetooth] Active probe failed: WinRT async operation timed out after 4000ms
2026-05-21 21:28:08.985 [INFO] [Poll] Lock suppressed by user activity (idle=0s < 30s). Would-be reason: Bluetooth sustained disconnected for 37s
2026-05-21 21:28:13.028 [INFO] [Bluetooth] Active probe failed: WinRT async operation timed out after 4000ms
2026-05-21 21:28:13.031 [INFO] [Poll] Lock suppressed by user activity (idle=0s < 30s). Would-be reason: Bluetooth sustained disconnected for 41s
2026-05-21 21:28:17.080 [INFO] [Bluetooth] Active probe failed: WinRT async operation timed out after 4000ms
2026-05-21 21:28:17.084 [INFO] [Poll] Lock suppressed by user activity (idle=0s < 30s). Would-be reason: Bluetooth sustained disconnected for 45s
2026-05-21 21:28:21.154 [INFO] [Bluetooth] Active probe failed: WinRT async operation timed out after 4000ms
2026-05-21 21:28:21.157 [INFO] [Poll] Lock suppressed by user activity (idle=0s < 30s). Would-be reason: Bluetooth sustained disconnected for 49s
2026-05-21 21:28:25.213 [INFO] [Bluetooth] Active probe failed: WinRT async operation timed out after 4000ms
2026-05-21 21:28:25.215 [INFO] [Poll] Lock suppressed by user activity (idle=3s < 30s). Would-be reason: Bluetooth sustained disconnected for 53s
2026-05-21 21:28:28.485 [INFO] [Poll] Active probe restored connection
2026-05-21 21:28:32.551 [INFO] [Bluetooth] Active probe failed: WinRT async operation timed out after 4000ms
2026-05-21 21:28:36.585 [INFO] [Bluetooth] Active probe failed: WinRT async operation timed out after 4000ms
2026-05-21 21:28:40.625 [INFO] [Bluetooth] Active probe failed: WinRT async operation timed out after 4000ms
2026-05-21 21:28:44.666 [INFO] [Bluetooth] Active probe failed: WinRT async operation timed out after 4000ms
2026-05-21 21:28:48.711 [INFO] [Bluetooth] Active probe failed: WinRT async operation timed out after 4000ms
2026-05-21 21:28:52.760 [INFO] [Bluetooth] Active probe failed: WinRT async operation timed out after 4000ms
2026-05-21 21:28:56.820 [INFO] [Bluetooth] Active probe failed: WinRT async operation timed out after 4000ms
2026-05-21 21:29:00.883 [INFO] [Bluetooth] Active probe failed: WinRT async operation timed out after 4000ms
2026-05-21 21:29:00.892 [INFO] [Poll] Lock suppressed by user activity (idle=1s < 30s). Would-be reason: Bluetooth sustained disconnected for 28s
2026-05-21 21:29:04.996 [INFO] [Bluetooth] Active probe failed: WinRT async operation timed out after 4000ms
2026-05-21 21:29:05.002 [INFO] [Poll] Lock suppressed by user activity (idle=0s < 30s). Would-be reason: Bluetooth sustained disconnected for 32s
2026-05-21 21:29:09.077 [INFO] [Bluetooth] Active probe failed: WinRT async operation timed out after 4000ms
2026-05-21 21:29:09.082 [INFO] [Poll] Lock suppressed by user activity (idle=1s < 30s). Would-be reason: Bluetooth sustained disconnected for 37s
2026-05-21 21:29:13.171 [INFO] [Bluetooth] Active probe failed: WinRT async operation timed out after 4000ms
2026-05-21 21:29:13.183 [INFO] [Poll] Lock suppressed by user activity (idle=1s < 30s). Would-be reason: Bluetooth sustained disconnected for 41s
2026-05-21 21:29:17.276 [INFO] [Bluetooth] Active probe failed: WinRT async operation timed out after 4000ms
2026-05-21 21:29:17.286 [INFO] [Poll] Lock suppressed by user activity (idle=2s < 30s). Would-be reason: Bluetooth sustained disconnected for 45s
2026-05-21 21:29:21.381 [INFO] [Bluetooth] Active probe failed: WinRT async operation timed out after 4000ms
2026-05-21 21:29:21.386 [INFO] [Poll] Lock suppressed by user activity (idle=1s < 30s). Would-be reason: Bluetooth sustained disconnected for 49s
2026-05-21 21:29:25.496 [INFO] [Bluetooth] Active probe failed: WinRT async operation timed out after 4000ms
2026-05-21 21:29:25.499 [INFO] [Poll] Lock suppressed by user activity (idle=0s < 30s). Would-be reason: Bluetooth sustained disconnected for 53s
2026-05-21 21:29:29.557 [INFO] [Bluetooth] Active probe failed: WinRT async operation timed out after 4000ms
2026-05-21 21:29:29.563 [INFO] [Poll] Lock suppressed by user activity (idle=0s < 30s). Would-be reason: Bluetooth sustained disconnected for 57s
2026-05-21 21:29:33.667 [INFO] [Bluetooth] Active probe failed: WinRT async operation timed out after 4000ms
2026-05-21 21:29:33.675 [INFO] [Poll] Lock suppressed by user activity (idle=0s < 30s). Would-be reason: Bluetooth sustained disconnected for 61s
2026-05-21 21:29:37.758 [INFO] [Bluetooth] Active probe failed: WinRT async operation timed out after 4000ms
2026-05-21 21:29:37.764 [INFO] [Poll] Lock suppressed by user activity (idle=1s < 30s). Would-be reason: Bluetooth sustained disconnected for 65s
2026-05-21 21:29:41.909 [INFO] [Bluetooth] Active probe failed: WinRT async operation timed out after 4000ms
2026-05-21 21:29:41.914 [INFO] [Poll] Lock suppressed by user activity (idle=5s < 30s). Would-be reason: Bluetooth sustained disconnected for 69s
2026-05-21 21:29:46.010 [INFO] [Bluetooth] Active probe failed: WinRT async operation timed out after 4000ms
2026-05-21 21:29:46.014 [INFO] [Poll] Lock suppressed by user activity (idle=0s < 30s). Would-be reason: Bluetooth sustained disconnected for 73s
2026-05-21 21:29:50.075 [INFO] [Bluetooth] Active probe failed: WinRT async operation timed out after 4000ms
2026-05-21 21:29:50.080 [INFO] [Poll] Lock suppressed by user activity (idle=0s < 30s). Would-be reason: Bluetooth sustained disconnected for 78s
2026-05-21 21:29:54.165 [INFO] [Bluetooth] Active probe failed: WinRT async operation timed out after 4000ms
2026-05-21 21:29:54.172 [INFO] [Poll] Lock suppressed by user activity (idle=0s < 30s). Would-be reason: Bluetooth sustained disconnected for 82s
2026-05-21 21:29:58.289 [INFO] [Bluetooth] Active probe failed: WinRT async operation timed out after 4000ms
2026-05-21 21:29:58.292 [INFO] [Poll] Lock suppressed by user activity (idle=2s < 30s). Would-be reason: Bluetooth sustained disconnected for 86s
2026-05-21 21:30:02.364 [INFO] [Bluetooth] Active probe failed: WinRT async operation timed out after 4000ms
2026-05-21 21:30:02.372 [INFO] [Poll] Lock suppressed by user activity (idle=0s < 30s). Would-be reason: Bluetooth sustained disconnected for 90s
2026-05-21 21:30:06.469 [INFO] [Bluetooth] Active probe failed: WinRT async operation timed out after 4000ms
2026-05-21 21:30:06.471 [INFO] [Poll] Lock suppressed by user activity (idle=1s < 30s). Would-be reason: Bluetooth sustained disconnected for 94s
2026-05-21 21:30:10.506 [INFO] [Bluetooth] Active probe failed: WinRT async operation timed out after 4000ms
2026-05-21 21:30:10.507 [INFO] [Poll] Lock suppressed by user activity (idle=5s < 30s). Would-be reason: Bluetooth sustained disconnected for 98s
2026-05-21 21:30:14.555 [INFO] [Bluetooth] Active probe failed: WinRT async operation timed out after 4000ms
2026-05-21 21:30:14.556 [INFO] [Poll] Lock suppressed by user activity (idle=9s < 30s). Would-be reason: Bluetooth sustained disconnected for 102s
2026-05-21 21:30:18.586 [INFO] [Bluetooth] Active probe failed: WinRT async operation timed out after 4000ms
2026-05-21 21:30:18.587 [INFO] [Poll] Lock suppressed by user activity (idle=1s < 30s). Would-be reason: Bluetooth sustained disconnected for 106s
2026-05-21 21:30:22.631 [INFO] [Bluetooth] Active probe failed: WinRT async operation timed out after 4000ms
2026-05-21 21:30:22.637 [INFO] [Poll] Lock suppressed by user activity (idle=5s < 30s). Would-be reason: Bluetooth sustained disconnected for 110s
2026-05-21 21:30:26.710 [INFO] [Bluetooth] Active probe failed: WinRT async operation timed out after 4000ms
2026-05-21 21:30:26.712 [INFO] [Poll] Lock suppressed by user activity (idle=9s < 30s). Would-be reason: Bluetooth sustained disconnected for 114s
2026-05-21 21:30:28.493 [INFO] [Poll] Active probe restored connection
2026-05-21 21:30:32.564 [INFO] [Bluetooth] Active probe failed: WinRT async operation timed out after 4000ms
2026-05-21 21:30:36.598 [INFO] [Bluetooth] Active probe failed: WinRT async operation timed out after 4000ms
2026-05-21 21:30:40.636 [INFO] [Bluetooth] Active probe failed: WinRT async operation timed out after 4000ms
2026-05-21 21:30:44.673 [INFO] [Bluetooth] Active probe failed: WinRT async operation timed out after 4000ms
2026-05-21 21:30:48.699 [INFO] [Bluetooth] Active probe failed: WinRT async operation timed out after 4000ms
2026-05-21 21:30:52.760 [INFO] [Bluetooth] Active probe failed: WinRT async operation timed out after 4000ms
2026-05-21 21:30:56.806 [INFO] [Bluetooth] Active probe failed: WinRT async operation timed out after 4000ms
2026-05-21 21:31:00.837 [INFO] [Bluetooth] Active probe failed: WinRT async operation timed out after 4000ms
2026-05-21 21:31:00.840 [INFO] [Poll] Lock suppressed by user activity (idle=23s < 30s). Would-be reason: Bluetooth sustained disconnected for 28s
2026-05-21 21:31:04.873 [INFO] [Bluetooth] Active probe failed: WinRT async operation timed out after 4000ms
2026-05-21 21:31:04.876 [INFO] [Poll] Lock suppressed by user activity (idle=27s < 30s). Would-be reason: Bluetooth sustained disconnected for 32s
2026-05-21 21:31:08.927 [INFO] [Bluetooth] Active probe failed: WinRT async operation timed out after 4000ms
2026-05-21 21:31:08.930 [INFO] [State] Monitoring -> Countdown
2026-05-21 21:31:08.940 [INFO] [Countdown] Starting 10s countdown. Reason: Bluetooth sustained disconnected for 36s
2026-05-21 21:31:13.970 [INFO] [Bluetooth] Active probe failed: WinRT async operation timed out after 4000ms
2026-05-21 21:31:18.005 [INFO] [Bluetooth] Active probe failed: WinRT async operation timed out after 4000ms
2026-05-21 21:31:22.039 [INFO] [Bluetooth] Active probe failed: WinRT async operation timed out after 4000ms
2026-05-21 21:31:26.058 [INFO] [Bluetooth] Active probe failed: WinRT async operation timed out after 4000ms
2026-05-21 21:31:28.611 [WARN] [Countdown] Device reconnected/signal recovered during countdown; cancelling lock
2026-05-21 21:31:28.612 [INFO] [State] Countdown -> Monitoring
2026-05-21 21:31:32.685 [INFO] [Bluetooth] Active probe failed: WinRT async operation timed out after 4000ms
2026-05-21 21:31:33.833 [INFO] [Poll] Active probe restored connection
2026-05-21 21:31:37.880 [INFO] [Bluetooth] Active probe failed: WinRT async operation timed out after 4000ms
2026-05-21 21:31:39.044 [INFO] [Poll] Active probe restored connection
2026-05-21 21:31:43.104 [INFO] [Bluetooth] Active probe failed: WinRT async operation timed out after 4000ms
2026-05-21 21:31:44.262 [INFO] [Poll] Active probe restored connection
2026-05-21 21:31:48.331 [INFO] [Bluetooth] Active probe failed: WinRT async operation timed out after 4000ms
2026-05-21 21:31:49.486 [INFO] [Poll] Active probe restored connection
2026-05-21 21:31:53.554 [INFO] [Bluetooth] Active probe failed: WinRT async operation timed out after 4000ms
2026-05-21 21:31:54.704 [INFO] [Poll] Active probe restored connection
2026-05-21 21:31:58.777 [INFO] [Bluetooth] Active probe failed: WinRT async operation timed out after 4000ms
2026-05-21 21:31:59.918 [INFO] [Poll] Active probe restored connection
2026-05-21 21:32:03.989 [INFO] [Bluetooth] Active probe failed: WinRT async operation timed out after 4000ms
2026-05-21 21:32:05.130 [INFO] [Poll] Active probe restored connection
2026-05-21 21:32:09.206 [INFO] [Bluetooth] Active probe failed: WinRT async operation timed out after 4000ms
2026-05-21 21:32:10.337 [INFO] [Poll] Active probe restored connection
2026-05-21 21:32:14.376 [INFO] [Bluetooth] Active probe failed: WinRT async operation timed out after 4000ms
2026-05-21 21:32:15.550 [INFO] [Poll] Active probe restored connection
2026-05-21 21:32:19.633 [INFO] [Bluetooth] Active probe failed: WinRT async operation timed out after 4000ms
2026-05-21 21:32:23.662 [INFO] [Bluetooth] Active probe failed: WinRT async operation timed out after 4000ms
2026-05-21 21:32:27.708 [INFO] [Bluetooth] Active probe failed: WinRT async operation timed out after 4000ms
2026-05-21 21:32:31.760 [INFO] [Bluetooth] Active probe failed: WinRT async operation timed out after 4000ms
2026-05-21 21:32:35.785 [INFO] [Bluetooth] Active probe failed: WinRT async operation timed out after 4000ms
2026-05-21 21:32:39.837 [INFO] [Bluetooth] Active probe failed: WinRT async operation timed out after 4000ms
2026-05-21 21:32:43.883 [INFO] [Bluetooth] Active probe failed: WinRT async operation timed out after 4000ms
2026-05-21 21:32:47.925 [INFO] [Bluetooth] Active probe failed: WinRT async operation timed out after 4000ms
2026-05-21 21:32:47.926 [INFO] [State] Monitoring -> Countdown
2026-05-21 21:32:47.930 [INFO] [Countdown] Starting 10s countdown. Reason: Bluetooth sustained disconnected for 28s
2026-05-21 21:32:52.946 [INFO] [Bluetooth] Active probe failed: WinRT async operation timed out after 4000ms
2026-05-21 21:32:56.995 [INFO] [Bluetooth] Active probe failed: WinRT async operation timed out after 4000ms
2026-05-21 21:33:01.023 [INFO] [Bluetooth] Active probe failed: WinRT async operation timed out after 4000ms
2026-05-21 21:33:05.048 [INFO] [Bluetooth] Active probe failed: WinRT async operation timed out after 4000ms
2026-05-21 21:33:09.072 [INFO] [Bluetooth] Active probe failed: WinRT async operation timed out after 4000ms
2026-05-21 21:33:13.113 [INFO] [Bluetooth] Active probe failed: WinRT async operation timed out after 4000ms
2026-05-21 21:33:15.658 [WARN] [Countdown] Device reconnected/signal recovered during countdown; cancelling lock
2026-05-21 21:33:15.659 [INFO] [State] Countdown -> Monitoring
2026-05-21 21:33:19.733 [INFO] [Bluetooth] Active probe failed: WinRT async operation timed out after 4000ms
2026-05-21 21:33:20.885 [INFO] [Poll] Active probe restored connection
2026-05-21 21:33:24.956 [INFO] [Bluetooth] Active probe failed: WinRT async operation timed out after 4000ms
2026-05-21 21:33:26.099 [INFO] [Poll] Active probe restored connection
2026-05-21 21:33:30.158 [INFO] [Bluetooth] Active probe failed: WinRT async operation timed out after 4000ms
2026-05-21 21:33:31.314 [INFO] [Poll] Active probe restored connection
2026-05-21 21:33:35.372 [INFO] [Bluetooth] Active probe failed: WinRT async operation timed out after 4000ms
2026-05-21 21:33:36.520 [INFO] [Poll] Active probe restored connection
2026-05-21 21:33:40.587 [INFO] [Bluetooth] Active probe failed: WinRT async operation timed out after 4000ms
2026-05-21 21:33:41.727 [INFO] [Poll] Active probe restored connection
2026-05-21 21:33:45.779 [INFO] [Bluetooth] Active probe failed: WinRT async operation timed out after 4000ms
2026-05-21 21:33:46.994 [INFO] [Poll] Active probe restored connection
2026-05-21 21:33:51.092 [INFO] [Bluetooth] Active probe failed: WinRT async operation timed out after 4000ms
2026-05-21 21:33:52.222 [INFO] [Poll] Active probe restored connection
2026-05-21 21:33:56.287 [INFO] [Bluetooth] Active probe failed: WinRT async operation timed out after 4000ms
2026-05-21 21:34:00.378 [INFO] [Bluetooth] Active probe failed: WinRT async operation timed out after 4000ms
2026-05-21 21:34:04.484 [INFO] [Bluetooth] Active probe failed: WinRT async operation timed out after 4000ms
2026-05-21 21:34:08.551 [INFO] [Bluetooth] Active probe failed: WinRT async operation timed out after 4000ms
2026-05-21 21:34:12.636 [INFO] [Bluetooth] Active probe failed: WinRT async operation timed out after 4000ms
2026-05-21 21:34:16.711 [INFO] [Bluetooth] Active probe failed: WinRT async operation timed out after 4000ms
2026-05-21 21:34:20.803 [INFO] [Bluetooth] Active probe failed: WinRT async operation timed out after 4000ms
2026-05-21 21:34:24.887 [INFO] [Bluetooth] Active probe failed: WinRT async operation timed out after 4000ms
2026-05-21 21:34:24.890 [INFO] [State] Monitoring -> Countdown
2026-05-21 21:34:24.895 [INFO] [Countdown] Starting 10s countdown. Reason: Bluetooth sustained disconnected for 29s
2026-05-21 21:34:29.929 [INFO] [Bluetooth] Active probe failed: WinRT async operation timed out after 4000ms
2026-05-21 21:34:33.992 [INFO] [Bluetooth] Active probe failed: WinRT async operation timed out after 4000ms
2026-05-21 21:34:38.060 [INFO] [Bluetooth] Active probe failed: WinRT async operation timed out after 4000ms
2026-05-21 21:34:42.107 [INFO] [Bluetooth] Active probe failed: WinRT async operation timed out after 4000ms
2026-05-21 21:34:46.212 [INFO] [Bluetooth] Active probe failed: WinRT async operation timed out after 4000ms
2026-05-21 21:34:50.294 [INFO] [Bluetooth] Active probe failed: WinRT async operation timed out after 4000ms
2026-05-21 21:34:52.337 [WARN] [Countdown] Device reconnected/signal recovered during countdown; cancelling lock
2026-05-21 21:34:52.337 [INFO] [State] Countdown -> Monitoring
2026-05-21 21:34:56.443 [INFO] [Bluetooth] Active probe failed: WinRT async operation timed out after 4000ms
2026-05-21 21:35:00.525 [INFO] [Bluetooth] Active probe failed: WinRT async operation timed out after 4000ms
2026-05-21 21:35:04.610 [INFO] [Bluetooth] Active probe failed: WinRT async operation timed out after 4000ms
2026-05-21 21:35:08.721 [INFO] [Bluetooth] Active probe failed: WinRT async operation timed out after 4000ms
2026-05-21 21:35:12.805 [INFO] [Bluetooth] Active probe failed: WinRT async operation timed out after 4000ms
2026-05-21 21:35:16.876 [INFO] [Bluetooth] Active probe failed: WinRT async operation timed out after 4000ms
2026-05-21 21:35:20.980 [INFO] [Bluetooth] Active probe failed: WinRT async operation timed out after 4000ms
2026-05-21 21:35:25.090 [INFO] [Bluetooth] Active probe failed: WinRT async operation timed out after 4000ms
2026-05-21 21:35:25.095 [INFO] [State] Monitoring -> Countdown
2026-05-21 21:35:25.113 [INFO] [Countdown] Starting 10s countdown. Reason: Bluetooth sustained disconnected for 29s
2026-05-21 21:35:30.156 [INFO] [Bluetooth] Active probe failed: WinRT async operation timed out after 4000ms
2026-05-21 21:35:34.233 [INFO] [Bluetooth] Active probe failed: WinRT async operation timed out after 4000ms
2026-05-21 21:35:38.319 [INFO] [Bluetooth] Active probe failed: WinRT async operation timed out after 4000ms
2026-05-21 21:35:42.358 [INFO] [Bluetooth] Active probe failed: WinRT async operation timed out after 4000ms
2026-05-21 21:35:46.427 [INFO] [Bluetooth] Active probe failed: WinRT async operation timed out after 4000ms
2026-05-21 21:35:50.490 [INFO] [Bluetooth] Active probe failed: WinRT async operation timed out after 4000ms
2026-05-21 21:35:54.544 [INFO] [Bluetooth] Active probe failed: WinRT async operation timed out after 4000ms
2026-05-21 21:35:57.507 [WARN] [Countdown] Device reconnected/signal recovered during countdown; cancelling lock
2026-05-21 21:35:57.511 [INFO] [State] Countdown -> Monitoring
2026-05-21 21:36:01.595 [INFO] [Bluetooth] Active probe failed: WinRT async operation timed out after 4000ms
2026-05-21 21:36:05.672 [INFO] [Bluetooth] Active probe failed: WinRT async operation timed out after 4000ms
2026-05-21 21:36:09.759 [INFO] [Bluetooth] Active probe failed: WinRT async operation timed out after 4000ms
2026-05-21 21:36:13.830 [INFO] [Bluetooth] Active probe failed: WinRT async operation timed out after 4000ms
2026-05-21 21:36:17.869 [INFO] [Bluetooth] Active probe failed: WinRT async operation timed out after 4000ms
2026-05-21 21:36:21.997 [INFO] [Bluetooth] Active probe failed: WinRT async operation timed out after 4000ms
2026-05-21 21:36:26.093 [INFO] [Bluetooth] Active probe failed: WinRT async operation timed out after 4000ms
2026-05-21 21:36:30.187 [INFO] [Bluetooth] Active probe failed: WinRT async operation timed out after 4000ms
2026-05-21 21:36:30.194 [INFO] [State] Monitoring -> Countdown
2026-05-21 21:36:30.216 [INFO] [Countdown] Starting 10s countdown. Reason: Bluetooth sustained disconnected for 29s
2026-05-21 21:36:35.285 [INFO] [Bluetooth] Active probe failed: WinRT async operation timed out after 4000ms
2026-05-21 21:36:39.305 [INFO] [Bluetooth] Active probe failed: WinRT async operation timed out after 4000ms
2026-05-21 21:36:43.341 [INFO] [Bluetooth] Active probe failed: WinRT async operation timed out after 4000ms
2026-05-21 21:36:47.420 [INFO] [Bluetooth] Active probe failed: WinRT async operation timed out after 4000ms
2026-05-21 21:36:51.490 [INFO] [Bluetooth] Active probe failed: WinRT async operation timed out after 4000ms
2026-05-21 21:36:55.562 [INFO] [Bluetooth] Active probe failed: WinRT async operation timed out after 4000ms
2026-05-21 21:36:57.687 [WARN] [Countdown] Device reconnected/signal recovered during countdown; cancelling lock
2026-05-21 21:36:57.690 [INFO] [State] Countdown -> Monitoring
2026-05-21 21:37:01.814 [INFO] [Bluetooth] Active probe failed: WinRT async operation timed out after 4000ms
2026-05-21 21:37:02.982 [INFO] [Poll] Active probe restored connection
2026-05-21 21:37:07.050 [INFO] [Bluetooth] Active probe failed: WinRT async operation timed out after 4000ms
2026-05-21 21:37:08.239 [INFO] [Poll] Active probe restored connection
2026-05-21 21:37:12.337 [INFO] [Bluetooth] Active probe failed: WinRT async operation timed out after 4000ms
2026-05-21 21:37:13.524 [INFO] [Poll] Active probe restored connection
2026-05-21 21:37:17.611 [INFO] [Bluetooth] Active probe failed: WinRT async operation timed out after 4000ms
2026-05-21 21:37:18.824 [INFO] [Poll] Active probe restored connection
2026-05-21 21:37:22.941 [INFO] [Bluetooth] Active probe failed: WinRT async operation timed out after 4000ms
2026-05-21 21:37:24.111 [INFO] [Poll] Active probe restored connection
2026-05-21 21:37:28.172 [INFO] [Bluetooth] Active probe failed: WinRT async operation timed out after 4000ms
2026-05-21 21:37:29.351 [INFO] [Poll] Active probe restored connection
2026-05-21 21:37:33.432 [INFO] [Bluetooth] Active probe failed: WinRT async operation timed out after 4000ms
2026-05-21 21:37:34.632 [INFO] [Poll] Active probe restored connection
2026-05-21 21:37:38.724 [INFO] [Bluetooth] Active probe failed: WinRT async operation timed out after 4000ms
2026-05-21 21:37:39.884 [INFO] [Poll] Active probe restored connection
2026-05-21 21:37:43.962 [INFO] [Bluetooth] Active probe failed: WinRT async operation timed out after 4000ms
2026-05-21 21:37:45.133 [INFO] [Poll] Active probe restored connection
2026-05-21 21:37:49.216 [INFO] [Bluetooth] Active probe failed: WinRT async operation timed out after 4000ms
2026-05-21 21:37:50.399 [INFO] [Poll] Active probe restored connection
2026-05-21 21:37:54.484 [INFO] [Bluetooth] Active probe failed: WinRT async operation timed out after 4000ms
2026-05-21 21:37:55.625 [INFO] [Poll] Active probe restored connection
2026-05-21 21:37:59.689 [INFO] [Bluetooth] Active probe failed: WinRT async operation timed out after 4000ms
2026-05-21 21:38:00.874 [INFO] [Poll] Active probe restored connection
2026-05-21 21:38:04.934 [INFO] [Bluetooth] Active probe failed: WinRT async operation timed out after 4000ms
2026-05-21 21:38:06.142 [INFO] [Poll] Active probe restored connection
2026-05-21 21:38:10.220 [INFO] [Bluetooth] Active probe failed: WinRT async operation timed out after 4000ms
2026-05-21 21:38:11.417 [INFO] [Poll] Active probe restored connection
2026-05-21 21:38:15.522 [INFO] [Bluetooth] Active probe failed: WinRT async operation timed out after 4000ms
2026-05-21 21:38:16.704 [INFO] [Poll] Active probe restored connection
2026-05-21 21:38:20.767 [INFO] [Bluetooth] Active probe failed: WinRT async operation timed out after 4000ms
2026-05-21 21:38:21.963 [INFO] [Poll] Active probe restored connection
2026-05-21 21:38:26.033 [INFO] [Bluetooth] Active probe failed: WinRT async operation timed out after 4000ms
2026-05-21 21:38:27.213 [INFO] [Poll] Active probe restored connection
2026-05-21 21:38:31.299 [INFO] [Bluetooth] Active probe failed: WinRT async operation timed out after 4000ms
2026-05-21 21:38:32.513 [INFO] [Poll] Active probe restored connection
2026-05-21 21:38:36.625 [INFO] [Bluetooth] Active probe failed: WinRT async operation timed out after 4000ms
2026-05-21 21:38:37.841 [INFO] [Poll] Active probe restored connection
2026-05-21 21:38:41.916 [INFO] [Bluetooth] Active probe failed: WinRT async operation timed out after 4000ms
2026-05-21 21:38:43.099 [INFO] [Poll] Active probe restored connection
2026-05-21 21:38:47.181 [INFO] [Bluetooth] Active probe failed: WinRT async operation timed out after 4000ms
2026-05-21 21:38:48.343 [INFO] [Poll] Active probe restored connection
2026-05-21 21:38:52.483 [INFO] [Bluetooth] Active probe failed: WinRT async operation timed out after 4000ms
2026-05-21 21:38:53.652 [INFO] [Poll] Active probe restored connection
2026-05-21 21:38:57.717 [INFO] [Bluetooth] Active probe failed: WinRT async operation timed out after 4000ms
2026-05-21 21:38:58.900 [INFO] [Poll] Active probe restored connection
2026-05-21 21:39:02.978 [INFO] [Bluetooth] Active probe failed: WinRT async operation timed out after 4000ms
2026-05-21 21:39:04.200 [INFO] [Poll] Active probe restored connection
2026-05-21 21:39:08.334 [INFO] [Bluetooth] Active probe failed: WinRT async operation timed out after 4000ms
2026-05-21 21:39:09.511 [INFO] [Poll] Active probe restored connection
2026-05-21 21:39:13.650 [INFO] [Bluetooth] Active probe failed: WinRT async operation timed out after 4000ms
2026-05-21 21:39:14.812 [INFO] [Poll] Active probe restored connection
2026-05-21 21:39:18.928 [INFO] [Bluetooth] Active probe failed: WinRT async operation timed out after 4000ms
2026-05-21 21:39:20.136 [INFO] [Poll] Active probe restored connection
2026-05-21 21:39:24.221 [INFO] [Bluetooth] Active probe failed: WinRT async operation timed out after 4000ms
2026-05-21 21:39:25.367 [INFO] [Poll] Active probe restored connection
2026-05-21 21:39:29.672 [INFO] [Bluetooth] Active probe failed: WinRT async operation timed out after 4000ms
2026-05-21 21:39:30.846 [INFO] [Poll] Active probe restored connection
2026-05-21 21:39:35.660 [INFO] [Bluetooth] Active probe failed: WinRT async operation timed out after 4000ms
2026-05-21 21:39:36.864 [INFO] [Poll] Active probe restored connection
2026-05-21 21:39:41.725 [INFO] [Bluetooth] Active probe failed: WinRT async operation timed out after 4000ms
2026-05-21 21:39:42.898 [INFO] [Poll] Active probe restored connection
2026-05-21 21:39:47.668 [INFO] [Bluetooth] Active probe failed: WinRT async operation timed out after 4000ms
2026-05-21 21:39:48.883 [INFO] [Poll] Active probe restored connection
2026-05-21 21:39:53.671 [INFO] [Bluetooth] Active probe failed: WinRT async operation timed out after 4000ms
2026-05-21 21:39:54.836 [INFO] [Poll] Active probe restored connection
2026-05-21 21:39:59.640 [INFO] [Bluetooth] Active probe failed: WinRT async operation timed out after 4000ms
2026-05-21 21:40:00.831 [INFO] [Poll] Active probe restored connection
2026-05-21 21:40:05.725 [INFO] [Bluetooth] Active probe failed: WinRT async operation timed out after 4000ms
2026-05-21 21:40:06.858 [INFO] [Poll] Active probe restored connection
2026-05-21 21:40:11.661 [INFO] [Bluetooth] Active probe failed: WinRT async operation timed out after 4000ms
2026-05-21 21:40:12.831 [INFO] [Poll] Active probe restored connection
2026-05-21 21:40:17.738 [INFO] [Bluetooth] Active probe failed: WinRT async operation timed out after 4000ms
2026-05-21 21:40:18.900 [INFO] [Poll] Active probe restored connection
2026-05-21 21:40:23.710 [INFO] [Bluetooth] Active probe failed: WinRT async operation timed out after 4000ms
2026-05-21 21:40:24.886 [INFO] [Poll] Active probe restored connection
2026-05-21 21:40:29.712 [INFO] [Bluetooth] Active probe failed: WinRT async operation timed out after 4000ms
2026-05-21 21:40:30.887 [INFO] [Poll] Active probe restored connection
2026-05-21 21:40:35.689 [INFO] [Bluetooth] Active probe failed: WinRT async operation timed out after 4000ms
2026-05-21 21:40:36.879 [INFO] [Poll] Active probe restored connection
2026-05-21 21:40:41.682 [INFO] [Bluetooth] Active probe failed: WinRT async operation timed out after 4000ms
2026-05-21 21:40:42.860 [INFO] [Poll] Active probe restored connection
2026-05-21 21:40:47.687 [INFO] [Bluetooth] Active probe failed: WinRT async operation timed out after 4000ms
2026-05-21 21:40:48.890 [INFO] [Poll] Active probe restored connection
2026-05-21 21:40:53.705 [INFO] [Bluetooth] Active probe failed: WinRT async operation timed out after 4000ms
2026-05-21 21:40:54.853 [INFO] [Poll] Active probe restored connection
2026-05-21 21:40:59.662 [INFO] [Bluetooth] Active probe failed: WinRT async operation timed out after 4000ms
2026-05-21 21:41:00.874 [INFO] [Poll] Active probe restored connection
2026-05-21 21:41:05.666 [INFO] [Bluetooth] Active probe failed: WinRT async operation timed out after 4000ms
2026-05-21 21:41:06.852 [INFO] [Poll] Active probe restored connection
2026-05-21 21:41:11.653 [INFO] [Bluetooth] Active probe failed: WinRT async operation timed out after 4000ms
2026-05-21 21:41:15.740 [INFO] [Bluetooth] Active probe failed: WinRT async operation timed out after 4000ms
2026-05-21 21:41:19.819 [INFO] [Bluetooth] Active probe failed: WinRT async operation timed out after 4000ms
2026-05-21 21:41:23.874 [INFO] [Bluetooth] Active probe failed: WinRT async operation timed out after 4000ms
2026-05-21 21:41:27.938 [INFO] [Bluetooth] Active probe failed: WinRT async operation timed out after 4000ms
2026-05-21 21:41:32.036 [INFO] [Bluetooth] Active probe failed: WinRT async operation timed out after 4000ms
2026-05-21 21:41:36.097 [INFO] [Bluetooth] Active probe failed: WinRT async operation timed out after 4000ms
2026-05-21 21:41:40.202 [INFO] [Bluetooth] Active probe failed: WinRT async operation timed out after 4000ms
2026-05-21 21:41:40.208 [INFO] [State] Monitoring -> Countdown
2026-05-21 21:41:40.229 [INFO] [Countdown] Starting 10s countdown. Reason: Bluetooth sustained disconnected for 29s
2026-05-21 21:41:45.333 [INFO] [Bluetooth] Active probe failed: WinRT async operation timed out after 4000ms
2026-05-21 21:41:49.397 [INFO] [Bluetooth] Active probe failed: WinRT async operation timed out after 4000ms
2026-05-21 21:41:53.463 [INFO] [Bluetooth] Active probe failed: WinRT async operation timed out after 4000ms
2026-05-21 21:41:57.535 [INFO] [Bluetooth] Active probe failed: WinRT async operation timed out after 4000ms
2026-05-21 21:42:01.588 [INFO] [Bluetooth] Active probe failed: WinRT async operation timed out after 4000ms
2026-05-21 21:42:05.659 [INFO] [Bluetooth] Active probe failed: WinRT async operation timed out after 4000ms
2026-05-21 21:42:07.747 [WARN] [Countdown] Device reconnected/signal recovered during countdown; cancelling lock
2026-05-21 21:42:07.751 [INFO] [State] Countdown -> Monitoring
2026-05-21 21:42:11.841 [INFO] [Bluetooth] Active probe failed: WinRT async operation timed out after 4000ms
2026-05-21 21:42:12.992 [INFO] [Poll] Active probe restored connection
2026-05-21 21:42:17.047 [INFO] [Bluetooth] Active probe failed: WinRT async operation timed out after 4000ms
2026-05-21 21:42:18.239 [INFO] [Poll] Active probe restored connection
2026-05-21 21:42:22.385 [INFO] [Bluetooth] Active probe failed: WinRT async operation timed out after 4000ms
2026-05-21 21:42:23.595 [INFO] [Poll] Active probe restored connection
2026-05-21 21:42:27.660 [INFO] [Bluetooth] Active probe failed: WinRT async operation timed out after 4000ms
2026-05-21 21:42:28.878 [INFO] [Poll] Active probe restored connection
2026-05-21 21:42:32.971 [INFO] [Bluetooth] Active probe failed: WinRT async operation timed out after 4000ms
2026-05-21 21:42:34.136 [INFO] [Poll] Active probe restored connection
2026-05-21 21:42:38.211 [INFO] [Bluetooth] Active probe failed: WinRT async operation timed out after 4000ms
2026-05-21 21:42:39.365 [INFO] [Poll] Active probe restored connection
2026-05-21 21:42:43.424 [INFO] [Bluetooth] Active probe failed: WinRT async operation timed out after 4000ms
2026-05-21 21:42:44.623 [INFO] [Poll] Active probe restored connection
2026-05-21 21:42:48.706 [INFO] [Bluetooth] Active probe failed: WinRT async operation timed out after 4000ms
2026-05-21 21:42:49.920 [INFO] [Poll] Active probe restored connection
2026-05-21 21:42:53.996 [INFO] [Bluetooth] Active probe failed: WinRT async operation timed out after 4000ms
2026-05-21 21:42:55.148 [INFO] [Poll] Active probe restored connection
2026-05-21 21:42:59.206 [INFO] [Bluetooth] Active probe failed: WinRT async operation timed out after 4000ms
2026-05-21 21:43:03.271 [INFO] [Bluetooth] Active probe failed: WinRT async operation timed out after 4000ms
2026-05-21 21:43:07.364 [INFO] [Bluetooth] Active probe failed: WinRT async operation timed out after 4000ms
2026-05-21 21:43:11.467 [INFO] [Bluetooth] Active probe failed: WinRT async operation timed out after 4000ms
2026-05-21 21:43:15.568 [INFO] [Bluetooth] Active probe failed: WinRT async operation timed out after 4000ms
2026-05-21 21:43:19.664 [INFO] [Bluetooth] Active probe failed: WinRT async operation timed out after 4000ms
2026-05-21 21:43:23.750 [INFO] [Bluetooth] Active probe failed: WinRT async operation timed out after 4000ms
2026-05-21 21:43:27.811 [INFO] [Bluetooth] Active probe failed: WinRT async operation timed out after 4000ms
2026-05-21 21:43:27.819 [INFO] [State] Monitoring -> Countdown
2026-05-21 21:43:27.841 [INFO] [Countdown] Starting 10s countdown. Reason: Bluetooth sustained disconnected for 29s
2026-05-21 21:43:32.922 [INFO] [Bluetooth] Active probe failed: WinRT async operation timed out after 4000ms
2026-05-21 21:43:36.967 [INFO] [Bluetooth] Active probe failed: WinRT async operation timed out after 4000ms
2026-05-21 21:43:41.060 [INFO] [Bluetooth] Active probe failed: WinRT async operation timed out after 4000ms
2026-05-21 21:43:45.129 [INFO] [Bluetooth] Active probe failed: WinRT async operation timed out after 4000ms
2026-05-21 21:43:49.169 [INFO] [Bluetooth] Active probe failed: WinRT async operation timed out after 4000ms
2026-05-21 21:43:53.257 [INFO] [Bluetooth] Active probe failed: WinRT async operation timed out after 4000ms
2026-05-21 21:43:55.243 [WARN] [Countdown] Device reconnected/signal recovered during countdown; cancelling lock
2026-05-21 21:43:55.244 [INFO] [State] Countdown -> Monitoring
2026-05-21 21:43:59.307 [INFO] [Bluetooth] Active probe failed: WinRT async operation timed out after 4000ms
2026-05-21 21:44:03.354 [INFO] [Bluetooth] Active probe failed: WinRT async operation timed out after 4000ms
2026-05-21 21:44:07.396 [INFO] [Bluetooth] Active probe failed: WinRT async operation timed out after 4000ms
2026-05-21 21:44:11.525 [INFO] [Bluetooth] Active probe failed: WinRT async operation timed out after 4000ms
2026-05-21 21:44:15.611 [INFO] [Bluetooth] Active probe failed: WinRT async operation timed out after 4000ms
2026-05-21 21:44:19.676 [INFO] [Bluetooth] Active probe failed: WinRT async operation timed out after 4000ms
2026-05-21 21:44:23.746 [INFO] [Bluetooth] Active probe failed: WinRT async operation timed out after 4000ms
2026-05-21 21:44:27.814 [INFO] [Bluetooth] Active probe failed: WinRT async operation timed out after 4000ms
2026-05-21 21:44:27.821 [INFO] [State] Monitoring -> Countdown
2026-05-21 21:44:27.834 [INFO] [Countdown] Starting 10s countdown. Reason: Bluetooth sustained disconnected for 29s
2026-05-21 21:44:32.914 [INFO] [Bluetooth] Active probe failed: WinRT async operation timed out after 4000ms
2026-05-21 21:44:36.986 [INFO] [Bluetooth] Active probe failed: WinRT async operation timed out after 4000ms
2026-05-21 21:44:41.057 [INFO] [Bluetooth] Active probe failed: WinRT async operation timed out after 4000ms
2026-05-21 21:44:45.141 [INFO] [Bluetooth] Active probe failed: WinRT async operation timed out after 4000ms
2026-05-21 21:44:49.221 [INFO] [Bluetooth] Active probe failed: WinRT async operation timed out after 4000ms
2026-05-21 21:44:53.293 [INFO] [Bluetooth] Active probe failed: WinRT async operation timed out after 4000ms
2026-05-21 21:44:57.324 [INFO] [Bluetooth] Active probe failed: WinRT async operation timed out after 4000ms
2026-05-21 21:45:01.362 [INFO] [Bluetooth] Active probe failed: WinRT async operation timed out after 4000ms
2026-05-21 21:45:05.422 [INFO] [Bluetooth] Active probe failed: WinRT async operation timed out after 4000ms
2026-05-21 21:45:09.502 [INFO] [Bluetooth] Active probe failed: WinRT async operation timed out after 4000ms
2026-05-21 21:45:09.519 [INFO] [Lock] Countdown elapsed, executing lock sequence
2026-05-21 21:45:09.524 [INFO] [Lock] LockWorkStation() invoked successfully
2026-05-21 21:45:09.527 [INFO] [State] Countdown -> Locked
2026-05-21 21:45:09.942 [INFO] [Session] SessionLock detected
2026-05-21 21:45:09.948 [INFO] [App] Workstation locked (by us or otherwise)
